Workbook
Name 보호된행_삭제필요: '10.통화'!$82:$82

Sheet 변경사항
B2: 1. 템플릿 변경 이력
B3: 버전 | C3: 일자 | D3: 내용 | E3: 비고
B4: v2.0.1 | C4: 2024.07.02 | D4: 1. 참조 오류 수정 ㄴ 결과 시트 시트명 참조 오류 수정 ㄴ TC 시트 하단 통계 참조 오류 수정
B5: v2.0 | C5: 2024.06.20 | D5: 1. '결과' 시트 통계 개선 - 플랫폼 그룹별로 전체 통계 필터 가능 - 시트명 그룹별 전체 통계 필터 가능 (시트명x이터레이션x환경 조합) - 2개 이상 시트를 (결과 시트내)시트명을 통일하여 통계 가능 2. 테스트케이스 시트 (하단) 통계 개선 - Prority 통계 추가 및 필터 추가 (연산자 사용하여 필터링 범위 지정 가능) - 이터레이션, 플랫폼 그룹 필터링 가능 4. 입력값 제한 추가 - 표준화된 입력값을 사용해야 되는 경우, '입력값' 시트 기준으로 입력 제한 5. 통계 영역 셀 잠금 추가 - 실수 방지를 위해서 통계 영역 위주로 잠금 추가 (알럿 후, 수정이 가능하므로 주의 필요) 6. 테스트케이스 결과 입력 필드 조건부 서식 컬러 변경 7. '2023년 X차' (미사용) 시트 제거
B6: v1.3 | C6: 2023.09.15 | D6: 1. 스프린트 일정 및 과제 대시보드 목적의 시트 통합 및 시트 숨김 처리 2. 테스트 수행 결과, 분류 항목 업데이트 | E6: 1. 23년 8차부터 해당 시트 사용하지 않는 방향
B7: v1.2.1 | C7: 2021.12.20 | D7: 1. 테스트 영향 범위 (수행 대상 플랫폼) field에 항목 추가 - moWeb, pcWeb, Web, Wear, Watch | E7: 항목추가 결정
B8: v1.2 | C8: 2021.11.23 | D8: 1. 우측 필드 개편 - as-is : [Comment] [Jira] / [TC Review] [Spec Review] - to-be : [Comment & Jira] [Spec Review] [TC Review] 2. 테스트 영향 범위 (수행 대상 플랫폼) field에 "web" 및 "wear"추가 - 30번 시트에 "Moweb", "PCWeb", "Wear"를 추가 3. OS coverage 변경 - as-is : a4~a10, i11~i13 - to-be : a6~a12, i13~i15
B9: v1.1 | C9: 2019.05.13 | D9: 1. 테스트 케이스 시트 하단, 'b' 통계 행 참조 오류 수정 - 모든 테스트 케이스 시트에서 I 열부터 b 통계 참조를 x3:x298 > x5:x300
B10: v1.0 | C10: 2019.05.08 | D10: 1. 불필요한 시트 제거 2. v1.0 릴리즈
B11: v0.6 | C11: 2019.05.07 | D11: 1. Iteration 필드 필수 항목으로 추가 - Iter + env 조합(유니크)으로 결과 시트 전체 통계 취합됨 2. 테스트 케이스 시트 50개 사용가능하도록 적용 - 신규 생성하거나 시트를 복제하는 경우, 통계시트에 취합되지 않음 3. 필드별 메모 추가 - 메모에 간단한 설명 추가
B13: 2. 템플릿 개선 예정 항목 (작업이 완료되면 변경 이력에 남기고 삭제)
B14: No. | C14: 요청 | D14: 내용 | E14: 비고
B15: 1 | C15: linu | D15: 데이터 확인 규칙 필드에 대한 입력값 관리를 모든 시트 공통 관리 할수 있게 개선 ㄴ 별도 시트에 테이블 만들어 참조 할수 있게 | E15: v2.0에 반영
B16: 2 | C16: yama | D16: 결과시트의 구조 개선 : 결과 시트에 세로방향에 입력되는 정보가 참조하는 곳이 각 시트의 하단 현황 셀들(가로방향)이라 결과 시트 편집시 스프레드로 자연스럽고 빠른 편집이 불가 - 결과 구조를 세로방향으로 해야 하는 것은 변경이 어려울듯 - 결과 시트의 결과값 데이터 종횡 구성을 각시트의 구성 방향과 동일하게 가져가면 시트 추가/삭제 등으로 결과시트를 편집해야 할 때 편리할 것으로 예상 | E16: (6/20) 테스트 케이스 구조 및 시각 흐름에 따라 현상태 유지
B17: 3
B18: 4
B19: 5
B20: 6
B21: 7
B22: 8
B23: 9
B24: 10

Sheet 입력값
B1: OS / Browser | F1: Iteration | I1: Category | L1: Priority | O1: Result | R1: 범위 | U1: 안내 문구
B2: 표시 | C2: 구분 (그룹) | D2: 설명 | F2: 표시 | G2: 설명 | I2: 표시 | J2: 설명 | L2: 표시 | M2: 설명 | O2: 표시 | P2: 설명 | R2: 표시 | S2: 설명 | U2: 위치 | V2: 문구
B3: a10 | C3: Android | D3: Android 10 | F3: 1 | I3: app | J3: iOS + Android | L3: 1 | M3: 숫자가 낮을 수록 우선순위 높음 | O3: p | P3: pass | R3: = | U3: A1 (첫행) | V3: 테스트 케이스 작성자를 입력해주세요. 리뷰어가 있으면 함께 입력해주세요. (참조 수식을 삭제하고 입력하세요) - 예시) 작성 : kakao.talk (리뷰 : qa.talk)
B4: a11 | C4: Android | D4: Android 11 | F4: 2 | I4: I | J4: iOS | L4: 2 | O4: f | P4: fail | R4: <= | U4: A300 (마지막행) | V4: 행 추가시 이 라인 위 영역을 선택하고 행을 추가 하셔야 통계 및 서식이 올바르게 적용됩니다.
B5: a12 | C5: Android | D5: Android 12 | F5: 3 | I5: A | J5: Android | L5: 3 | O5: b | P5: block | R5: >=
B6: a13 | C6: Android | D6: Android 13 | F6: 4 | I6: pc | J6: Windows + macOS | L6: 4 | O6: n | P6: not include
B7: a14 | C7: Android | D7: Android 14 | F7: 5 | I7: Win | J7: Windows | L7: 5 | O7: / | P7: 해당 없음
B8: a15 | C8: Android | D8: Android 15 | F8: 6 | I8: Mac | J8: macOS | L8: - | M8: 수행할 TC가 아닌 경우 (테스트 커버리지 제외) | O8: - | P8: TC 아님
B9: a16 | C9: Android | D9: Android 16 | F9: 7 | I9: Web | J9: mobile Web + pc Web
B10: i17 | C10: iOS | D10: iOS 17 | F10: 8 | I10: moWeb | J10: mobile Web
B11: i18 | C11: iOS | D11: iOS 18 | F11: 9 | I11: pcWeb | J11: pc (데스크탑) Web
B12: i26 | C12: iOS | D12: iOS 26 | F12: 10 | I12: ww | J12: Wear OS + WatchOS
B13: w10 | C13: Windows | D13: Windows 10 | F13: 11 | I13: Wear | J13: Google Wear OS
B14: w11 | C14: Windows | D14: Windows 11 | F14: 12 | I14: Watch | J14: Apple WatchOS
B15: m10.15.x | C15: macOS | D15: macOS 10.15.x | I15: - | J15: 수행결과 표기 대상 아님
B16: m11.x | C16: macOS | D16: macOS 11.x
B17: m12.x | C17: macOS | D17: macOS 12.x
B18: m13.x | C18: macOS | D18: macOS 13.x
B19: m14.x | C19: macOS | D19: macOS 14.x
B20: at10 | C20: Android Tablet | D20: Tablet Android 10
B21: at11 | C21: Android Tablet | D21: Tablet Android 11
B22: at12 | C22: Android Tablet | D22: Tablet Android 12
B23: at13 | C23: Android Tablet | D23: Tablet Android 13
B24: at14 | C24: Android Tablet | D24: Tablet Android 14
B25: at15 | C25: Android Tablet | D25: Tablet Android 15
B26: at16 | C26: Android Tablet | D26: Tablet Android 16
B27: it17 | C27: iPad | D27: iPad OS 17
... B46: a_dm | C46: Mobile Web | D46: Daum App

Sheet 리그레션 플랜
B2: 리그레션 테스트 일정 | J2: QA 릴리즈 당번
B3: - 노모어커밋 : 2026.07.07(화) | J3: - Android : @joy.2
B4: - 서브밋 : 2026.07.13(월) | J4: - iOS : @yama.moto
B5: ㄴ 업데이트 테스트: 오전 10시 예정
B6: ㄴ 빌드 공유: 오후 12시 이후 예정 | J6: 이슈 어사인 담당자
J7: - 담당자 없는 이슈 : 릴리즈 당번
B8: 리그레션 테스트 | J8: - 세부 기능/서비스 담당자 있는 경우 : 해당 담당자 (WIKI)
B9: 1. (통합 상세) 리그레션 테스트
B10: - 진행 방식 : 매 차수 OS 분배가 지정됨. (WIKI)
B11: 수행 쉬트 | C11: ZESQ | D11: INNOI + ONYCOM
B12: 1~16 | C12: a16 | D12: i18
B13: 17~27 | C13: i26 | D13: a15
B14: @당번 이 표에 입력한 값은 각 탭의 수행할 OS로 자동 입력됩니다.
B15: ◁ 연간 OS 분배 계획표 펼치기
B16: 수행 쉬트 | C16: 2026/7 (Z) + (I+O) | D16: 2026/8 (Z) + (I+O) | E16: 2026/10 (Z) + (I+O) | F16: 2026/11 (Z) + (I+O) | G16: 2027/1 (Z) + (I+O) | H16: 2027/1 (Z) + (I+O) | I16: 2027/2 (Z) + (I+O) | J16: 2027/3 (Z) + (I+O) | K16: 2027/4 (Z) + (I+O)
B17: 1~16 | C17: i26 / a16 | D17: a15 / i26 | E17: a16 / i18 | F17: i26 / a16 | G17: a15 / i26 | H17: a15 / i26 | I17: i18 / a15 | J17: a16 / i18 | K17: i26 / a16
B18: 17~26 | C18: a15 / i18 | D18: i18 / a16 | E18: i26 / a15 | F18: a15 / i18 | G18: i18 / a16 | H18: i18 / a16 | I18: a16 / i26 | J18: i26 / a15 | K18: a15 / i18
B19: 이 표는 항상 접어 둡니다. ①14~15행에 분배할 OS를 기입한 후, ②혼동 방지를 위해 18~20행에 기입된 내용울 지워 주세요. 회사명만 바꿔서 기입하면 안됩니다. 이 표에서 "수행쉬트 1~16"이 "i18 / a15"라면, 위 표의 "수행쉬트 1~16"에 순서대로 각각 i18, a15를 기입해 주세요. *회사 항목은 항상 고정입니다.
B21: 2. (핵심) 리그레션 테스트 : 3. 2026년 6차 (핵심) KakaoTalk Regression TestCase
B22: - 진행 방식 : OS 및 진행 담당 회사 고정. 매년 1차에 진행 담당 회사 변경.
B23: 수행 쉬트 | C23: ZESQ | D23: INNOI + ONYCOM
B24: 1~2 | C24: a10, a12, i17 | D24: a11, a13, a14
B25: 3~4 | C25: a11, a13, a14 | D25: a10, a12, i17
B26: 5 | C26: a14, i17 = Global a15 = US | D26: a13, i26 = Japan i18 = US
B27: 6 | C27: 업데이트 테스트 담당 OS에서 수행 (6차 미진행)
B29: 업데이트 테스트 / 패치
B30: 1. 담당 플랫폼
B31: OS | C31: 수행 (매 차수 변경) | E31: 리딩담당 (매 차수 변경) 2개사 협업 시 이번 차수 리딩업체 기재 | G31: 빌드 링크
B32: Android | C32: ZESQ | E32: ZESQ
B33: iOS | C33: ONYCOM + INNOI | E33: INNOI
B34: Wear OS | C34: ssoya그룹 | E34: ssoya 그룹 | G34: -
B35: watchOS | C35: ssoya그룹 | E35: ssoya 그룹 | G35: -
B37: 2. 업데이트 테스트 완료 공유
B38: - 1개사 단독으로 진행되는 경우, 해당 사에서 업데이트 테스트 완료 여부를 취합하여 공유
B39: - 2개사 협업으로 진행되는 경우, 로테이션 순번인 리딩담당 업체가 테스트 완료 여부를 취합하여 공유
B40: ㄴONYCOM ▷ INNOI 순으로 로테이션 진행 (2026년 6차 = INNOI)
B43: 수행 시간 모니터링 | D43: *문의: yama
B44: Regression TC 수행 시간 모니터링
B45: ㄴ 위 문서에서 수행할 차수에 맞는 탭에 매 차수 기록
B48: 리그레션 제외 영역
B49: 제외할 탭 | M49: MAIN OS | N49: minor OS
B50: 공통 | C50: iOS | D50: Android
B58: 테스트 리소스 계획 | I58: ↓ @당번 업무일 수를 입력해 주세요
B59: 소속 | C59: 그룹 | D59: 전체 리소스(MD) (인원수 X 업무일 수) | I59: 2.5 | J59: 비고 (투입 제외 사유 및 기타)
F60: 46211 | G60: 46212 | H60: 7/10 *메모 참고 | I60: 합계
B61: ZESQ | C61: moz | D61: =2*$I$59 -> 5 | F61: 2 | G61: 2 | H61: 2 | I61: =sum(E61:G61)+(H61/2) -> 5
C62: ssoya | D62: =2*$I$59 -> 5 | F62: 0 | G62: 2 | H62: 2 | I62: =sum(E62:G62)+(H62/2) -> 3 | J62: 7/8 유니버셜캐러셀과제 QA 진행
C63: yama | D63: =2*$I$59 -> 5 | F63: 2 | G63: 2 | H63: 2 | I63: =sum(E63:G63)+(H63/2) -> 5
C64: crystal | D64: =2*$I$59 -> 5 | F64: 2 | G64: 2 | H64: 2 | I64: =sum(E64:G64)+(H64/2) -> 5
C65: poby | D65: =2*$I$59 -> 5 | F65: 2 | G65: 2 | H65: 1 | I65: =sum(E65:G65)+(H65/2) -> 4.5 | J65: 7/10_코너 휴가
C66: jina | D66: =2*$I$59 -> 5 | F66: 2 | G66: 2 | H66: 2 | I66: =sum(E66:G66)+(H66/2) -> 5
C67: aren | D67: =2*$I$59 -> 5 | F67: 2 | G67: 2 | H67: 2 | I67: =sum(E67:G67)+(H67/2) -> 5
C68: jinny | D68: =2*$I$59 -> 5 | F68: 1 | G68: 2 | H68: 2 | I68: =sum(E68:G68)+(H68/2) -> 4 | J68: 7/8 더보기탭 QA 진행
C69: sophia | D69: =2*$I$59 -> 5 | F69: 2 | G69: 2 | H69: 2 | I69: =sum(E69:G69)+(H69/2) -> 5
C70: joy | D70: =2*$I$59 -> 5 | F70: 2 | G70: 2 | H70: 2 | I70: =sum(E70:G70)+(H70/2) -> 5
C71: ZESQ 합계 | D71: =SUM(D61:D70) -> 50 | F71: =SUM(F61:F70) -> 17 | G71: =SUM(G61:G70) -> 20 | H71: =SUM(H61:H70)/2 -> 9.5 | I71: =sum(I61:I70) -> 46.5 | J71: =I71/D71 -> 0.93
B72: ONYCOM | C72: moz | D72: =2*$I$59 -> 5 | F72: 2 | G72: 2 | H72: 2 | I72: =sum(F72:G72)+(H72/2) -> 5
C73: ssoya | D73: =2*$I$59 -> 5 | F73: 0 | G73: 2 | H73: 2 | I73: =sum(F73:G73)+(H73/2) -> 3 | J73: 7/8 유니버셜캐러셀과제 QA 진행
C74: yama | D74: =2*$I$59 -> 5 | F74: 2 | G74: 2 | H74: 1 | I74: =sum(F74:G74)+(H74/2) -> 4.5
C75: crystal | D75: =2*$I$59 -> 5 | F75: 2 | G75: 2 | H75: 2 | I75: =sum(F75:G75)+(H75/2) -> 5
C76: poby | D76: =2*$I$59 -> 5 | F76: 2 | G76: 2 | H76: 2 | I76: =sum(F76:G76)+(H76/2) -> 5
C77: jina | D77: =2*$I$59 -> 5 | F77: 2 | G77: 2 | H77: 1 | I77: =sum(F77:G77)+(H77/2) -> 4.5 | J77: 7/10 chang 휴가
C78: ONYCOM 합계 | D78: =SUM(D72:D77) -> 30 | F78: =SUM(F72:F77) -> 10 | G78: =SUM(G72:G77) -> 12 | H78: =SUM(H72:H77)/2 -> 5 | I78: =sum(I72:I77) -> 27 | J78: =I78/D78 -> 0.9
B79: INNOI | C79: aren | D79: =2*$I$59 -> 5 | F79: 2 | G79: 2 | H79: 2 | I79: =sum(F79:G79)+(H79/2) -> 5
C80: jinny | D80: =2*$I$59 -> 5 | F80: 1 | G80: 2 | H80: 2 | I80: =sum(F80:G80)+(H80/2) -> 4 | J80: 7/8 더보기탭 QA 진행
C81: sophia | D81: =2*$I$59 -> 5 | F81: 2 | G81: 2 | H81: 2 | I81: =sum(F81:G81)+(H81/2) -> 5
C82: joy | D82: =2*$I$59 -> 5 | F82: 2 | G82: 2 | H82: 1 | I82: =sum(F82:G82)+(H82/2) -> 4.5 | J82: 7/10 mia 휴가
C83: INNOI 합계 | D83: =SUM(D79:D82) -> 20 | E83: =SUM(E79:E82) -> 0 | F83: =SUM(F79:F82) -> 7 | G83: =SUM(G79:G82) -> 8 | H83: =SUM(H79:H82)/2 -> 3.5 | I83: =sum(I79:I82) -> 18.5 | J83: =I83/D83 -> 0.925
E86: =sum(E71,E78,E83) -> 0 | F86: =sum(F71,F78,F83) -> 34 | G86: =sum(G71,G78,G83) -> 40 | H86: =sum(H71,H78,H83) -> 18 | I86: =SUM(E86:H86) -> 92
B87: 전체 인원
B88: ZESQ | C88: 20
B89: ONYCOM | C89: 12
B90: INNOI | C90: 8
C91: =SUM(C88:C90) -> 40 | D91: 2 | E91: =C91*D91 -> 80
B95: 테스트 리소스 계획 | I95: ↓ @당번 업무일 수를 입력해 주세요
B96: 소속 | C96: 그룹 | D96: 전체 리소스(MD) (인원수 X 업무일 수) | I96: 2.5 | J96: 비고 (투입 제외 사유 및 기타)
E97: 46146 | F97: 46148 | G97: 46149 | H97: 46150 | I97: 합계
B98: ZESQ | C98: moz | D98: =2*$I$59 -> 5 | E98: 0 | F98: 2 | G98: 2 | H98: 2 | I98: =sum(F98:H98) -> 6 | J98: 5/4 휴가 2명
C99: ssoya | D99: =2*$I$59 -> 5 | E99: 0 | F99: 2 | G99: 0 | H99: 2 | I99: =sum(F99:H99) -> 4 | J99: 5/4 휴가 2명 5/7 뉴리액션 Prod 테스트 예상 (서버 배포 일정에 따라 변동될 수 있습니다. 확정 후 업데이트할게요)
C100: yama | D100: =2*$I$59 -> 5 | E100: 1 | F100: 2 | G100: 2 | H100: 2 | I100: =sum(F100:H100) -> 6 | J100: 5/4 amonn 휴가
C101: crystal | D101: =2*$I$59 -> 5 | E101: 0 | F101: 2 | G101: 2 | H101: 2 | I101: =sum(F101:H101) -> 6
C102: poby | D102: =2*$I$59 -> 5 | E102: 1 | F102: 2 | G102: 2 | H102: 2 | I102: =sum(F102:H102) -> 6 | J102: 5/4 connor 휴가
C103: jina | D103: =2*$I$59 -> 5 | E103: 1 | F103: 1 | G103: 2 | H103: 2 | I103: =sum(F103:H103) -> 5 | J103: 5/4 glenn 휴가, 5/6 juanaa 휴가
C104: aren | D104: =2*$I$59 -> 5 | E104: 1 | F104: 2 | G104: 2 | H104: 2 | I104: =sum(F104:H104) -> 6 | J104: 5/4 zeron 휴가
C105: jinny | D105: =2*$I$59 -> 5 | E105: 1 | F105: 2 | G105: 2 | H105: 1.5 | I105: =sum(F105:H105) -> 5.5 | J105: 5/4 selina 휴가, 5/8 selina 반반차
C106: sophia | D106: =2*$I$59 -> 5 | E106: 0 | F106: 2 | G106: 2 | H106: 2 | I106: =sum(F106:H106) -> 6 | J106: 5/4 enzo, bono 휴가
C107: joy | D107: =2*$I$59 -> 5 | E107: 0 | F107: 2 | G107: 2 | H107: 2 | I107: =sum(F107:H107) -> 6 | J107: 5/4 rachel, sallyy 휴가
C108: ZESQ 합계 | D108: =SUM(D98:D107) -> 50 | E108: =SUM(E98:E107) -> 5 | F108: =SUM(F98:F107) -> 19 | G108: =SUM(G98:G107) -> 18 | H108: =SUM(H98:H107) -> 19.5 | I108: =sum(I98:I107) -> 56.5 | J108: =I108/D108 -> 1.13
B109: ONYCOM | C109: moz | D109: =2*$I$59 -> 5 | E109: 0 | F109: 2 | G109: 2 | H109: 2 | I109: =sum(F109:H109) -> 6 | J109: 5/4 휴가 2명
C110: ssoya | D110: =2*$I$59 -> 5 | E110: 1 | F110: 2 | G110: 0 | H110: 1 | I110: =sum(F110:H110) -> 3 | J110: 5/4 휴가 1명, 5/8 휴가 1명 5/7 뉴리액션 Prod 테스트 예상 (서버 배포 일정에 따라 변동될 수 있습니다. 확정 후 업데이트할게요)
C111: yama | D111: =2*$I$59 -> 5 | E111: 1 | F111: 2 | G111: 2 | H111: 2 | I111: =sum(F111:H111) -> 6 | J111: 5/4 sera 휴가
C112: crystal | D112: =2*$I$59 -> 5 | E112: 0 | F112: 2 | G112: 2 | H112: 2 | I112: =sum(F112:H112) -> 6
C113: poby | D113: =2*$I$59 -> 5 | E113: 1 | F113: 2 | G113: 2 | H113: 2 | I113: =sum(F113:H113) -> 6 | J113: 5/4 eric 휴가
C114: jina | D114: =2*$I$59 -> 5 | E114: 1 | F114: 2 | G114: 2 | H114: 2 | I114: =sum(F114:H114) -> 6 | J114: 5/4 kevin 휴가
C115: ONYCOM 합계 | D115: =SUM(D109:D114) -> 30 | E115: =SUM(E109:E114) -> 4 | F115: =SUM(F109:F114) -> 12 | G115: =SUM(G109:G114) -> 10 | H115: =SUM(H109:H114) -> 11 | I115: =sum(I109:I114) -> 33
B116: INNOI | C116: aren | D116: =2*$I$59 -> 5 | E116: 1 | F116: 2 | G116: 2 | H116: 2 | I116: =sum(F116:H116) -> 6 | J116: 5/4 gon 휴가
C117: jinny | D117: =2*$I$59 -> 5 | E117: 2 | F117: 2 | G117: 2 | H117: 2 | I117: =sum(F117:H117) -> 6
C118: sophia | D118: =2*$I$59 -> 5 | E118: 2 | F118: 2 | G118: 2 | H118: 2 | I118: =sum(F118:H118) -> 6
C119: joy | D119: =2*$I$59 -> 5 | E119: 0.5 | F119: 2 | G119: 2 | H119: 2 | I119: =sum(F119:H119) -> 6 | J119: 5/4 mia 반차, lora 휴가
C120: INNOI 합계 | D120: =SUM(D116:D119) -> 20 | E120: =SUM(E116:E119) -> 5.5 | F120: =SUM(F116:F119) -> 8 | G120: =SUM(G116:G119) -> 8 | H120: =SUM(H116:H119) -> 8 | I120: =sum(I116:I119) -> 24

Sheet 리그레션 확인 목록
A1: Jira의 "Regression" label이 붙은 이슈를 확인하고 결과를 입력하기 위한 시트 | C1: OS 커버리지 설정 방법 - 기본 테스트 범위는 모든 OS입니다. - 리스트업 하는 본인의 판단 하에 테스트할 OS 범위를 조정해 주세요. (수행하지 않는 OS version에 n처리)
A2: Jira Link | B2: Summary (테스트할 범위 등) | C2: a10 | D2: a11 | E2: a12 | F2: a13 | G2: a14 | H2: a15 | I2: a16 | J2: i17 | K2: i18 | L2: i26 | M2: Comment | N2: Spec & Tip | O2: TC Review | P2: closed?
A3: PLATF-6453 | B3: [Android] Kotlin 2.2.21 적용 - 마이너버전 업데이트 - 리그레션 시 크래시, ANR, 전체 기능 확인 후 이슈 없으면 클로즈 | J3: n | K3: n | L3: n | M3: @zesq (엘리) ㄴA10~14 핵심 TC 결과 참고 ㄴA15~16 통합 상세 TC 결과 참고
A4: PLATF-6417 | B4: (yama가 진행) Liquid Glass UI 오픈 채팅방쪽은 패드쪽(스플릿뷰) 추가 이슈가 많이 보인다고, QA에 지원 요청이 있었습니다. 적용 완료 여부 및 주요 점검 포인트에 대한 정보가 공유되면 해당 부분 참고해서 리글 전에 지원할수 있는 부분은 지원을 검토 부탁드립니다. 각 과제별 담당자에게도 전파하여 과제 진행 및 리글 진행시 폰/패드(스플릿뷰)에서 점검이 되도록 공유가 필요할것 같습니다. >> iPad의 스플릿뷰에 한해서 채팅방스쿼드 및 플랫폼개발에서 공유해 준 화면 우선순위 목록을 참고하여 탐색적 테스트 진행 | C4: n | D4: n | E4: n | F4: n | G4: n | H4: n | I4: n | J4: p | K4: p | L4: p | M4: (yama, 7/3) yama 그룹에서 테스트 진행중입니다. 테스트 완료되면 p처리 후 완료 예정입니다 >> 아이패드 리퀴드 글라스 디자인 적용 이슈 리스트 >> 완료 | P4: p
A5: PLATF-6199 | B5: (담당자 : moz) - iOS/Android 미디어 말풍선 전송 API가 변경되었습니다. 점진 배포 예정으로, 특정 채팅방에는 적용되도록 설정하여 리그레션시 확인이 필요합니다. 일반채팅탭, 수행하시는 TE분 연락주시면 chatid등록 후 테스트 진행되도록 요청할 예정입니다. 일반채팅, 팀채팅 테스트 진행하시는 TE분 지정되시면 연락해주시면 확인 후 등록 요청하여 테스트 진행필요합니다. | C5: - | D5: - | E5: - | F5: - | G5: - | H5: - | I5: - | J5: 진 | K5: 코코 | L5: 미아 | M5: innoi & zesq 동시 진행 모즈에게 문의 후 처리 A10~14, i17.0: 진행 여부 확인 후 지정 chatid 일괄적으로 취합 후 요청 예정_@엘리 I18: innoi 진행 A16: Zesq 진행
A6: PLATF-6367 | B6: API 단위로 테스트는 필요하지 않고, 메시징 연결 관련 주요 동작 확인 [테스트 범위] : 메시징 연결 관련 기본 동작 위주 확인 - 톡 실행 후 정상 동작 여부 (재접속 케이스 고려) - 메시지 수/발신 동작 여부 >> 리그레션 테스트로 대응 >> 6차 브랜치에 머지된 상태로 과제 테스트가 진행되므로, 해당 변경 사항의 영향으로 메시징 서버와 연결에 문제가 있다면, 메시징 관련 일반적인 기능이 동작하지 않을 것이므로, 기본 동작에 대한 점검이 될 것으로 예상 * 메시징 서버: CBT까지 배포된 상태 ㄴ 리얼 배포 : 7/8 예정 | C6: 리지 | D6: 아몬 (대여) | E6: 아도라 | F6: 미아 | G6: 제이니 | H6: 유미 | I6: 소비 | J6: n | K6: n | L6: n | M6: @zesq (메시지 그룹 진행)
A7: EMOTICON-9571 | B7: (담당자 : moz) - iOS * revision 관리코드 변경 이모티콘 구매, 선물, 다운로드 -> 키보드에 바로 꽂힘 서브디바이스에서 키보드 순서 변경 -> 키보드에서 순서 변경 반영 - 이모티콘 리그레션 TC내 관련 내용 포함되어있습니다. 이슈있는 경우 추가 확인을 위해 담당자 연락해주세요. | C7: n | D7: n | E7: n | F7: n | G7: n | H7: n | I7: n | M7: onycom
A8: EMOTICON-9524 | B8: (담당자 : moz) - iOS 스토어 테마 클라이언트 코드 제거 - 설정 내 기본, 커스텀 테마 다운/적용 기능 확인 시 이슈있는 경우 별도 연락 부탁드려요. | C8: n | D8: n | E8: n | F8: n | G8: n | H8: n | I8: n | J8: 진 | K8: 코코 | L8: 미아 | M8: innoi
A9: ATEAM-27892 | B9: 공유 피커에 대한 리그레션 테스트 진행 후 이슈 없으면 클로즈 | J9: n | K9: n | L9: n
A10: ATEAM-27857 | B10: 나챗방 관련 코드 분리(기능/동작 변화 없음) - 나챗방 관련한 리그레션 수행 후 이슈 없으면 클로즈 | J10: n | K10: n | L10: n
A11: ITEAM-32917

Sheet UpdateTest_26.6.0
A2: 분류1 | B2: 분류2 | C2: 분류3 | D2: 분류4 (기능) | E2: 사전 조건 | F2: Test Step (체크할 항목) | G2: iOS | M2: Android | AE2: Comment & Jira | AF2: Spec & Tip | AG2: TC Review
G3: 신규 설치 | J3: 업데이트 | M3: 신규 설치 | T3: 업데이트 | AA3: {Iter} | AB3: 분류
G4: i17 | H4: i18 | I4: i26 | J4: i17 | K4: i18 | L4: i26 | M4: a10 | N4: a11 | O4: a12 | P4: a13 | Q4: a14 | R4: a15 | S4: a16 | T4: a10 | U4: a11 | V4: a12 | W4: a13 | X4: a14 | Y4: a15 | Z4: a16 | AA4: {env} | AB4: =countif(AB7:AB35, ">0") -> 27 | AD4: v25.11.0
G5: i | H5: i | I5: i | J5: o | K5: o | L5: o | M5: 리지 | N5: 엘리 | O5: 아도라 | P5: 미아 | Q5: 제이니 | R5: 유미 | S5: 아몬 | T5: 제론 | U5: 제임슨 | V5: 셀리나 | W5: 로티 | X5: 주아나 | Y5: 보노 | Z5: 글렌 | AA5: {tester} | AC5: T | AD5: V
A6: 테스트 완료 여부
A7: 백업 | B7: 백업/복원 기능 확인 | F7: 구 버전에서 백업 후 신버전에서 복원 (클라우드 무료) * iOS 2026.11.2 버전 테스트 시 - 신규 : 설치 후 기존 계정으로 로그인 정상 동작 하는지 확인 - 업데이트 : 설치 후 기존 계정으로 자동 로그인 정상 동작 하는지 확인 | J7: n | K7: n | L7: n | T7: n | U7: n | V7: n | W7: n | X7: n | Y7: n | Z7: n | AB7: 1 | AC7: app | AD7: v9.6.5
A8: 가입 | B8: 정상 가입 확인 | F8: 정상 가입 검증 조건 - 자동 입력된 전화번호로 자동입력된 인증번호로 가입 완료 - 프로필 사진은 앨범에서 선택 | J8: n | K8: n | L8: n | T8: n | U8: n | V8: n | W8: n | X8: n | Y8: n | Z8: n | AB8: 1 | AC8: app | AD8: v9.6.5
A9: 친구 | B9: 친구 상태 유지 | F9: 구버전에서의 친구 상태가 신버전에서 유지되는지 확인 - 즐겨찾기 - 숨김 - 차단 | G9: n | H9: n | I9: n | M9: n | N9: n | O9: n | P9: n | Q9: n | R9: n | S9: n | AB9: 1 | AC9: app | AD9: v25.9.0
B10: 친구관리 설정값 유지 | F10: 구버전에서의 친구 관리 하위 메뉴 설정값이 신버전에서 유지 및 설정 변경되는지 확인 | G10: n | H10: n | I10: n | M10: n | N10: n | O10: n | P10: n | Q10: n | R10: n | S10: n | AB10: 1 | AC10: app | AD10: v25.9.0
B11: 친구 추가 | F11: 친구 검색 및 추가 동작 확인 | AB11: 1 | AC11: app | AD11: v9.6.5
A12: 프로필 | B12: 내프로필 | F12: - 내프로필 진입 및 편집 기능 동작 확인 ㄴ 편집 완료 후 친구가 내프로필 조회시 편집 반영 ㄴ 프사/배사/상메 등 프로필 요소 변경시 각각 1개의 자동 게시물로 작성되고 & 프로필 홈의 피드로 표시됨 - 내프로필의 구성요소 표시 및 동작 확인 ㄴ 인티커 공감 확인 / 뱃지 등 | AB12: 1 | AC12: app | AD12: v25.9.0
B13: 친구의 프로필 | F13: 친구프로필 내 버튼 표시와 랜딩 확인 - 선물하기 - 송금 - 더보기 ㄴ 메뉴 진입 및 기능 동작 확인 | AB13: 1 | AC13: app | AD13: v25.9.0
B14: 멀티프로필 | F14: 멀프 생성 및 관리 기능 동작 확인 (생성 및 관리 진입점 = 친구탭> 설정> 멀티프로필) | AB14: 1 | AC14: app | AD14: v25.9.0
A15: 채팅 | B15: 일반채팅방 (1:1/그룹) | F15: 모든 타입의 메세지가 유지(전송)되는지 확인 - +메뉴 내 기능들 (사진의 경우 GIF 포함) - 텍스트 ㄴ 텍스트+이모티콘 ㄴ 장문(500자, 4천자 이상) ㄴ 모삭, 전삭 | AB15: 1 | AC15: app | AD15: v25.11.0
B16: 팀채팅방 | F16: 모든 타입의 메세지가 유지(전송)되는지 확인 - +메뉴 내 기능들 (사진의 경우 GIF 포함) - 텍스트(텍스트+이모티콘 / 장문(500자, 4천자 이상) / 모삭, 전삭 / 가리기 / 수정) - (팀데이터 ON 상태) 팀채팅 진입 시, 이전 대화 복원 동작 확인 | AB16: 1 | AC16: app | AD16: v9.6.5
B17: 비밀채팅방 | F17: 모든 타입의 메세지가 유지(전송)되는지 확인 - +메뉴 내 기능들 (사진의 경우 GIF 포함) - 텍스트(텍스트+이모티콘 / 장문(500자)) | AB17: 1 | AC17: app | AD17: v9.6.5
B18: 오픈채팅방 | F18: 모든 타입의 메세지가 유지(전송)되는지 확인 - +메뉴 내 기능들 (사진의 경우 GIF 포함) - 텍스트(텍스트+이모티콘 / 장문(500자) / 모삭, 전삭 / 수정) - 샵검색 | AB18: 1 | AC18: app | AD18: v9.6.5
B19: 사이드메뉴 | F19: 사이드 메뉴 내 기능 및 서비스가 유지(설정/반영)되는지 확인 - 사진/동영상 - 파일 - 링크 - 일정 - 톡게시판 / 공지 / 투표 / 통화(채팅방별 통화 이력) - 챗봇 (테스트 범위 아님) - 그외 사이드메뉴 내 기능 (나가기, 알림, 즐찾, 설정 등) | AB19: 1 | AC19: app | AD19: v25.9.0
B20: 보톡/페톡 | F20: 보톡/페톡 통화가 정상 동작하는지 확인 | AB20: 1 | AC20: app | AD20: v25.9.0 | AF20: yon and, ios 페이스톡 전환 시 검은 화면 (노운이슈)
A21: 채팅목록 | B21: 핀 및 채팅방정렬 | F21: 확인할 내용 - 구버전에서 설정한 핀 및 채팅방 정렬 방법이 신버전에서 유지되는가 - 신버전에서 설정이 변경되는가 | AB21: 1 | AC21: app | AD21: v25.4.0
A22: 설정 | B22: 암호잠금 | F22: 암호잠금 설정이 유지(설정)되는지 확인 | AB22: 1 | AC22: app | AD22: v9.6.5
B23: 알림 | F23: 알림 하위 메뉴들의 설정이 유지(설정)되는지 확인 - 알림음 - 키워드 알림 등 | AB23: 1 | AC23: app | AD23: v11.0.0 | AF23: 2024/6 키워드 알림 Android only 제거 2025/2 ITEAM-28999 비밀채팅방에서는 키워드 알림이 기본 알림음으로 송출됨
B24: 탈퇴 | F24: 탈퇴 동작 확인 | AB24: 1 | AC24: app | AD24: v9.6.5
A25: 기타 | B25: 디버그 메뉴 미노출 확인 | F25: 최종 테스트 빌드에 디버그 메뉴가 미노출되는지 확인 (메뉴 일부만 확인) - 메뉴 노출 위치 참고 : https://wiki.daumkakao.com/pages/viewpage.action?pageId=1243917894 [Android] - 로그인 화면 > 상단 빌드/서버도메인/도메인 - 앱 상단 빌드명 - 더보기 설정 > Debug 메뉴 - 챗로그 롱탭 & 채팅방 +메뉴 > Debug 메뉴 [iOS] - 로그인 화면 > Log console 및 서브 디바이스 로그인 버튼 - 앱 상단 빌드 커밋명 - 더보기 설정 / 채팅방 설정 > development 메뉴 - 챗로그 롱탭 > CBT 메뉴 | AB25: 1 | AC25: app | AD25: v10.4.0
B26: iOS only) 크래시 로그 확인 (QA가 직접 진행) | F26: 1. 톡실행 > ID로 추가 > 카카오톡 ID란에 아래 텍스트 입력하고 검색 ##forcecrash## 2. 크래시가 발생하는지 확인(크래시가 발생 되어야 함), 톡을 재실행 (재실행해야 크래시가 업로드) 3. 1, 2번을 총 3회 실행 (디바이스, ios에 관계없이 1, 2번을 3회 세트로 한번만 해주시면 됩니다.) 4. 로그 확인 https://wiki.daumkakao.com/pages/viewpage.action?pageId=914550563 참고 | G26: n | H26: n | J26: n | K26: n | L26: n | M26: n | N26: n | O26: n | P26: n | Q26: n | R26: n | S26: n | T26: n | U26: n | V26: n | W26: N | X26: N | Y26: N | Z26: N | AB26: 1 | AC26: I | AD26: v9.8.0 | AF26: [aren] 앱스토어에 업로드하는 최종 빌드에서 크래시가 정상적으로 업로드 되는지 확인이 필요하여 추가한 케이스. 본 항목은 QA 가 직접 진행한 후 마킹 합니다. related Jira, Wiki
B27: Android only) 빌드명 [NO_RELEASE] 태그 미노출 확인 | F27: Appcenter > 구글 빌드명 앞에 [NO_RELEASE] 태그가 미노출 되는지 확인 - 최종빌드 화면에서 확인하는 내용으로 모바일 디바이스와는 무관 - 확인 결과는 Android 최신 OS버전 란에 기재 [참고] 태그가 있어 문제가 되는 빌드의 예 https://mobil.daumkakao.io/#/app/600/build/315677 | G27: n | H27: n | I27: n | J27: n | K27: n | L27: n | M27: n | N27: n | O27: n | P27: n | Q27: n | R27: n | S27: n | T27: n | U27: n | V27: n | W27: n | X27: n | Y27: n | AB27: 1 | AC27: A | AD27: v26.3.0
B28: Android only) 빌드명 (PAY_SNAPSHOT) 태그 미노출 확인 | F28: Appcenter > 구글 빌드명 앞에 (PAY_SNAPSHOT) 태그가 미노출 되는지 확인 - 최종빌드 화면에서 확인하는 내용으로 모바일 디바이스와는 무관 - 확인 결과는 Android 최신 OS버전 란에 기재 [참고] 태그가 있어 문제가 되는 빌드의 예 https://appcenter.onkakao.net/apps/43e0fa01-f36e-4df4-bee0-941dd7f22bed/releases/6913 | G28: n | H28: n | I28: n | J28: n | K28: n | L28: n | M28: n | N28: n | O28: n | P28: n | Q28: n | R28: n | S28: n | T28: n | U28: n | V28: n | W28: n | X28: n | Y28: n | AB28: 1 | AC28: A | AD28: v26.3.0
A29: Android PFD 테스트 - 업데이트 테스트 별개로 진행함. (Wiki 참조) 테스트 시점은 업데이트 테스트 종료 이후 Play Store 내부 테스트에 업로드(=서밋 완료) 이후 진행 (안드 당번 QA가 테스트 시점 공유) | T29: D 설치 | U29: D 미설치 | V29: D 설치 | W29: D 미설치 | X29: D 설치 | Y29: D 미설치 | Z29: D 설치 | AB29: - | AC29: - | AE29: PFD 테스트 공통 정보 1. 업데이트 테스트에서, 이전 버전에서 PFD가 설치된 경우 설치가 발생하지 않을수 있음. 이 경우 해당 모듈이 실행되면 Pass 2. 업데이트 테스트에서, 이전 버전에서 PFD가 설치되었어도 PFD가 버전업된 경우 다시 다운로드 진행됨. 이 경우에도 해당 모듈이 정상 실행되면 Pass
A30: PFD 다운로드 & 설치 | B30: 미디어필터 | F30: 미디어필터 PFD 다운로드 및 설치 확인 아래의 접근 경로 중 1곳을 선택하여 미디어필터 실행 (OS별로 중복되지 않도록 진행) - 채팅방 > 플러스버튼 > 사진 동영상 편집 등 (A10, A15) - 채팅방 설정 > 채팅방 프로필 변경 > 사진 편집모드 (A12) - 채팅방 게시판 > 게시판/투표 등 글작성 > 사진 편집모드 (A14) - 친구탭/설정 > 프로필/프로필 배경 편집 > 사진/동영상 편집모드 (A11, A16) - 친구탭/설정 > 멀티 프로필/프로필 배경 편집 > 사진/동영상 편집모드(A13) | G30: n | H30: n | I30: n | J30: n | K30: n | L30: n | AB30: 1 | AC30: A | AD30: v10.1.5 | AE30: (lizzyy, 26/04) Android > [특정단말] PFD 다운로드 & 설치 후 직접 찍은 동영상 필터 적용 > 채팅방 전송 시 오류 발생하며 전송 불가한 현상 QATEAM-12664
B31: 지도 | F31: 지도 SDK PFD 다운로드 및 설치 확인 아래의 접근 경로 중 1곳을 선택하여 지도 SDK 실행 (OS별로 중복되지 않도록 진행) - 채팅방 > 플러스버튼 > 지도 선택 (A10, A12, A14, A16) - 채팅방 > 말풍선 > 지도 이미지 클릭 (지도 이미지는 PFD와 관련없이 노출됨) - 채널 홈 > 장소 정보 클릭시 (A11, A13, A15) 지도 말풍선 랜딩 변경 (채팅방 말풍선 선택 시) - 카맵 설치: 카맵 전환 - 카맵 미설치: 인앱브라우저 오픈 | G31: n | H31: n | I31: n | J31: n | K31: n | L31: n | AB31: 1 | AC31: A | AD31: v25.7.2 | AG31: _x0008_ex)채널홈 : 한신포차
B32: 앱별언어 | F32: 앱별 언어 설치 PFD 다운로드 및 설치 확인 (Android 13 이상) - 톡설정 > 언어 > 미설치 언어 선택 | G32: n | H32: n | I32: n | J32: n | K32: n | L32: n | M32: n | N32: n | O32: n | T32: n | U32: n | V32: n | AB32: 1 | AC32: A | AD32: v10.1.5 | AG32: (bono,2024/2) 언어 불러오기 (미설치 언어 동시에 설치됨)
B33: 테마 | F33: 공식 테마 PFD 다운로드 및 설치 확인 (2024/4차 부터) - 톡설정 > 테마 > 공식테마 다운로드(설치) > 라디오 버튼 변경 - 해당 테마 적용 확인 > 정상 적용 - 플레이스토어로 설치 및 적용된 기존 테마와 별도 동작 (포비 유닛 확인) ㄴ 공식테마 스토어에서 내려간 상태로 위 케이스는 skip - 테마 적용시 앱 재시작 (재시작 이후 전체설정 접근한 탭으로 랜딩) | G33: n | H33: n | I33: n | J33: n | K33: n | L33: n | M33: 고대비 | N33: 비밀의숲 | O33: 제이지 | P33: 콘 | Q33: 숨박꼭질 | R33: 무지 | S33: 여름이야기 | T33: 콘 | U33: 제이지 | V33: 어피치 | W33: 라이언 | X33: 겨울이야기 | Y33: 블랙 | Z33: 여름이야기 | AB33: 1 | AC33: A | AD33: v10.8.0 | AF33: (ellie, 24/8) 플레이 스토어 설치 부분 테스트 제외 플레이 스토어에서 10/14일 이후로 카카오톡 공식테마 미지원 (마켓에서 공식테마 검색 안됨)
B34: 페이스톡 필터 | F34: 페이스톡 화면 꾸미기 PFD 다운로드 및 설치 확인 - 페이스톡 통화> [효과]> [배경]> 아이템 선택 (A10, A12, A14, A16) - 페이스톡 통화> [효과]> [영상 효과]> 아이템 선택 (A11, A13, A15) | G34: n | H34: n | I34: n | J34: n | K34: n | L34: n | AB34: 1 | AC34: A | AD34: _x0008_v11.4.0
A35: 셀 추가시 이 라인 위에서 추가해서 사용하세요. | AB35: - | AC35: - | AD35: -
F37: Iteration | G37: 신규 설치 | J37: 업데이트 | M37: 신규 설치 | T37: 업데이트 | AA37: =AA3 -> {Iter} | AB37: -
F38: 환경 (테스트 수행) | G38: =G4 -> i17 | H38: =H4 -> i18 | I38: =I4 -> i26 | J38: =J4 -> i17 | K38: =K4 -> i18 | L38: =L4 -> i26 | M38: =M4 -> a10 | N38: =N4 -> a11 | ... AA38: =AA4 -> {env} | AB38: total
F39: coverage | G39: =IF(G41-G45, (SUM(G42:G45)-G45)/(G41-G45), 0) -> 0 | H39: =IF(H41-H45, (SUM(H42:H45)-H45)/(H41-H45), 0) -> 0 | I39: =IF(I41-I45, (SUM(I42:I45)-I45)/(I41-I45), 0) -> 0 | J39: =IF(J41-J45, (SUM(J42:J45)-J45)/(J41-J45), 0) -> 0 | K39: =IF(K41-K45, (SUM(K42:K45)-K45)/(K41-K45), 0) -> 0 | L39: =IF(L41-L45, (SUM(L42:L45)-L45)/(L41-L45), 0) -> 0 | M39: =IF(M41-M45, (SUM(M42:M45)-M45)/(M41-M45), 0) -> 0 | N39: =IF(N41-N45, (SUM(N42:N45)-N45)/(N41-N45), 0) -> 0 | ... AA39: =IF(AA41-AA45, (SUM(AA42:AA45)-AA45)/(AA41-AA45), 0) -> 0 | AB39: =sum(K39:AA39)/counta(K39:AA39) -> 0
F40: pass rate | G40: =if((G41-G46-G45), G42/(G41-G46-G45), 0) -> 0 | H40: =if((H41-H46-H45), H42/(H41-H46-H45), 0) -> 0 | I40: =if((I41-I46-I45), I42/(I41-I46-I45), 0) -> 0 | J40: =if((J41-J46-J45), J42/(J41-J46-J45), 0) -> 0 | K40: =if((K41-K46-K45), K42/(K41-K46-K45), 0) -> 0 | L40: =if((L41-L46-L45), L42/(L41-L46-L45), 0) -> 0 | M40: =if((M41-M46-M45), M42/(M41-M46-M45), 0) -> 0 | N40: =if((N41-N46-N45), N42/(N41-N46-N45), 0) -> 0 | ... AA40: =if((AA41-AA46-AA45), AA42/(AA41-AA46-AA45), 0) -> 0 | AB40: =sum(K40:AA40)/counta(K40:AA40) -> 0
F41: total | G41: =countif($AB7:$AB35,"<=1") -> 27 | H41: =countif($AB7:$AB35,"<=1") -> 27 | I41: =countif($AB7:$AB35,"<=1") -> 27 | J41: =countif($AB7:$AB35,"<=1") -> 27 | K41: =countif($AB7:$AB35,"<=1") -> 27 | L41: =countif($AB7:$AB35,"<=1") -> 27 | M41: =countif($AB7:$AB35,"<=1") -> 27 | N41: =countif($AB7:$AB35,"<=1") -> 27 | ... P41: =countif($AB7:$AB35,"<=1") -> 27 | Q41: =countif($AB7:$AB35,"<=3") -> 27 | R41: =countif($AB7:$AB35,"<=3") -> 27 | S41: =countif($AB7:$AB35,"<=3") -> 27 | T41: =countif($AB7:$AB35,"<=3") -> 27 | U41: =countif($AB7:$AB35,"<=3") -> 27 | V41: =countif($AB7:$AB35,"<=3") -> 27 | W41: =countif($AB7:$AB35,"<=3") -> 27 | X41: =countif($AB7:$AB35,"<=3") -> 27 | ... AA41: =countif($AB7:$AB35,"<=3") -> 27 | AB41: =sum(K41:AA41) -> 459
F42: p | G42: =COUNTIF(G7:G35,"p") -> 0 | H42: =COUNTIF(H7:H35,"p") -> 0 | I42: =COUNTIF(I7:I35,"p") -> 0 | J42: =COUNTIF(J7:J35,"p") -> 0 | K42: =COUNTIF(K7:K35,"p") -> 0 | L42: =COUNTIF(L7:L35,"p") -> 0 | M42: =COUNTIF(M7:M35,"p") -> 0 | N42: =COUNTIF(N7:N35,"p") -> 0 | ... AA42: =COUNTIF(AA7:AA35,"p") -> 0 | AB42: =sum(K42:AA42) -> 0
F43: f | G43: =countif(G7:G35,"f") -> 0 | H43: =countif(H7:H35,"f") -> 0 | I43: =countif(I7:I35,"f") -> 0 | J43: =countif(J7:J35,"f") -> 0 | K43: =countif(K7:K35,"f") -> 0 | L43: =countif(L7:L35,"f") -> 0 | M43: =countif(M7:M35,"f") -> 0 | N43: =countif(N7:N35,"f") -> 0 | ... AA43: =countif(AA7:AA35,"f") -> 0 | AB43: =sum(K43:AA43) -> 0
F44: b | G44: =countif(G7:G35, "b") -> 0 | H44: =countif(H7:H35, "b") -> 0 | I44: =countif(I7:I35, "b") -> 0 | J44: =countif(J7:J35, "b") -> 0 | K44: =countif(K7:K35, "b") -> 0 | L44: =countif(L7:L35, "b") -> 0 | M44: =countif(M7:M35, "b") -> 0 | N44: =countif(N7:N35, "b") -> 0 | ... AA44: =countif(AA7:AA35, "b") -> 0 | AB44: =sum(K44:AA44) -> 0
F45: n | G45: =COUNTIF(G7:G35,"n") -> 10 | H45: =COUNTIF(H7:H35,"n") -> 10 | I45: =COUNTIF(I7:I35,"n") -> 9 | J45: =COUNTIF(J7:J35,"n") -> 10 | K45: =COUNTIF(K7:K35,"n") -> 10 | L45: =COUNTIF(L7:L35,"n") -> 10 | M45: =COUNTIF(M7:M35,"n") -> 6 | N45: =COUNTIF(N7:N35,"n") -> 6 | ... AA45: =COUNTIF(AA7:AA35,"n") -> 0 | AB45: =sum(K45:AA45) -> 94
F46: nr | G46: =G41-sum(G42:G45) -> 17 | H46: =H41-sum(H42:H45) -> 17 | I46: =I41-sum(I42:I45) -> 18 | J46: =J41-sum(J42:J45) -> 17 | K46: =K41-sum(K42:K45) -> 17 | L46: =L41-sum(L42:L45) -> 17 | M46: =M41-sum(M42:M45) -> 21 | N46: =N41-sum(N42:N45) -> 21 | ... AA46: =AA41-sum(AA42:AA45) -> 27 | AB46: =sum(K46:AA46) -> 365

Sheet 결과
B1: 전체 통계
B2: OS | C2: 구분 (시트이름) | D2: Iteration | E2: 환경 | F2: Coverage | G2: Pass Rate | H2: Total | I2: P | J2: F | K2: B | L2: N/I | M2: N/R | O2: 비고 | Q2: 전체 통계는 하단 시트별 통계를 취합하여 자동 노출됩니다. 배경이 흰색인 셀은 값을 변경하여 필터링된 통계로 볼 수 있습니다. 그외 셀은 수정하지 마세요.
B3: =IFERROR(VLOOKUP($E3, '입력값'!$B:$C, 2, FALSE),"") -> Android | D3: 6 | E3: a15 | F3: =IF(H3-L3, (H3-L3-M3)/(H3-L3), 0) -> 0 | G3: =if((H3-L3-M3), I3/(H3-L3-M3), 0) -> 0 | H3: =IF(ISBLANK($C$3), SUMIFS(H$30:H632, $E$30:$E632, $E3, $D$30:$D632, $D3), SUMIFS(H$30:H632, $E$30:$E632, $E3, $D$30:$D632, $D3, $C$30:$C632, $C3)) -> 1810 | I3: =IF(ISBLANK($C$3), SUMIFS(I$30:I632, $E$30:$E632, $E3, $D$30:$D632, $D3), SUMIFS(I$30:I632, $E$30:$E632, $E3, $D$30:$D632, $D3, $C$30:$C632, $C3)) -> 0 | J3: =IF(ISBLANK($C$3), SUMIFS(J$30:J632, $E$30:$E632, $E3, $D$30:$D632, $D3), SUMIFS(J$30:J632, $E$30:$E632, $E3, $D$30:$D632, $D3, $C$30:$C632, $C3)) -> 0 | K3: =IF(ISBLANK($C$3), SUMIFS(K$30:K632, $E$30:$E632, $E3, $D$30:$D632, $D3), SUMIFS(K$30:K632, $E$30:$E632, $E3, $D$30:$D632, $D3, $C$30:$C632, $C3)) -> 0 | L3: =IF(ISBLANK($C$3), SUMIFS(L$30:L632, $E$30:$E632, $E3, $D$30:$D632, $D3), SUMIFS(L$30:L632, $E$30:$E632, $E3, $D$30:$D632, $D3, $C$30:$C632, $C3)) -> 74 | M3: =IF(ISBLANK($C$3), SUMIFS(M$30:M632, $E$30:$E632, $E3, $D$30:$D632, $D3), SUMIFS(M$30:M632, $E$30:$E632, $E3, $D$30:$D632, $D3, $C$30:$C632, $C3)) -> 1736
B4: =IFERROR(VLOOKUP($E4, '입력값'!$B:$C, 2, FALSE),"") -> Android | C4: =IF($C$3 = "{시트명 입력}", "", $C$3) | D4: 6 | E4: a16 | F4: =IF(H4-L4, (H4-L4-M4)/(H4-L4), 0) -> 0 | G4: =if((H4-L4-M4), I4/(H4-L4-M4), 0) -> 0 | H4: =IF(ISBLANK($C$3), SUMIFS(H$30:H632, $E$30:$E632, $E4, $D$30:$D632, $D4), SUMIFS(H$30:H632, $E$30:$E632, $E4, $D$30:$D632, $D4, $C$30:$C632, $C4)) -> 2128 | I4: =IF(ISBLANK($C$3), SUMIFS(I$30:I632, $E$30:$E632, $E4, $D$30:$D632, $D4), SUMIFS(I$30:I632, $E$30:$E632, $E4, $D$30:$D632, $D4, $C$30:$C632, $C4)) -> 0 | J4: =IF(ISBLANK($C$3), SUMIFS(J$30:J632, $E$30:$E632, $E4, $D$30:$D632, $D4), SUMIFS(J$30:J632, $E$30:$E632, $E4, $D$30:$D632, $D4, $C$30:$C632, $C4)) -> 0 | K4: =IF(ISBLANK($C$3), SUMIFS(K$30:K632, $E$30:$E632, $E4, $D$30:$D632, $D4), SUMIFS(K$30:K632, $E$30:$E632, $E4, $D$30:$D632, $D4, $C$30:$C632, $C4)) -> 0 | L4: =IF(ISBLANK($C$3), SUMIFS(L$30:L632, $E$30:$E632, $E4, $D$30:$D632, $D4), SUMIFS(L$30:L632, $E$30:$E632, $E4, $D$30:$D632, $D4, $C$30:$C632, $C4)) -> 40 | M4: =IF(ISBLANK($C$3), SUMIFS(M$30:M632, $E$30:$E632, $E4, $D$30:$D632, $D4), SUMIFS(M$30:M632, $E$30:$E632, $E4, $D$30:$D632, $D4, $C$30:$C632, $C4)) -> 2088
B5: =IFERROR(VLOOKUP($E5, '입력값'!$B:$C, 2, FALSE),"") -> iOS | C5: =IF($C$3 = "{시트명 입력}", "", $C$3) | D5: 6 | E5: i26 | F5: =IF(H5-L5, (H5-L5-M5)/(H5-L5), 0) -> 0 | G5: =if((H5-L5-M5), I5/(H5-L5-M5), 0) -> 0 | H5: =IF(ISBLANK($C$3), SUMIFS(H$30:H632, $E$30:$E632, $E5, $D$30:$D632, $D5), SUMIFS(H$30:H632, $E$30:$E632, $E5, $D$30:$D632, $D5, $C$30:$C632, $C5)) -> 1810 | I5: =IF(ISBLANK($C$3), SUMIFS(I$30:I632, $E$30:$E632, $E5, $D$30:$D632, $D5), SUMIFS(I$30:I632, $E$30:$E632, $E5, $D$30:$D632, $D5, $C$30:$C632, $C5)) -> 0 | J5: =IF(ISBLANK($C$3), SUMIFS(J$30:J632, $E$30:$E632, $E5, $D$30:$D632, $D5), SUMIFS(J$30:J632, $E$30:$E632, $E5, $D$30:$D632, $D5, $C$30:$C632, $C5)) -> 0 | K5: =IF(ISBLANK($C$3), SUMIFS(K$30:K632, $E$30:$E632, $E5, $D$30:$D632, $D5), SUMIFS(K$30:K632, $E$30:$E632, $E5, $D$30:$D632, $D5, $C$30:$C632, $C5)) -> 0 | L5: =IF(ISBLANK($C$3), SUMIFS(L$30:L632, $E$30:$E632, $E5, $D$30:$D632, $D5), SUMIFS(L$30:L632, $E$30:$E632, $E5, $D$30:$D632, $D5, $C$30:$C632, $C5)) -> 67 | M5: =IF(ISBLANK($C$3), SUMIFS(M$30:M632, $E$30:$E632, $E5, $D$30:$D632, $D5), SUMIFS(M$30:M632, $E$30:$E632, $E5, $D$30:$D632, $D5, $C$30:$C632, $C5)) -> 1743
B6: =IFERROR(VLOOKUP($E6, '입력값'!$B:$C, 2, FALSE),"") -> iOS | C6: =IF($C$3 = "{시트명 입력}", "", $C$3) | D6: 6 | E6: i18 | F6: =IF(H6-L6, (H6-L6-M6)/(H6-L6), 0) -> 0 | G6: =if((H6-L6-M6), I6/(H6-L6-M6), 0) -> 0 | H6: =IF(ISBLANK($C$3), SUMIFS(H$30:H632, $E$30:$E632, $E6, $D$30:$D632, $D6), SUMIFS(H$30:H632, $E$30:$E632, $E6, $D$30:$D632, $D6, $C$30:$C632, $C6)) -> 2128 | I6: =IF(ISBLANK($C$3), SUMIFS(I$30:I632, $E$30:$E632, $E6, $D$30:$D632, $D6), SUMIFS(I$30:I632, $E$30:$E632, $E6, $D$30:$D632, $D6, $C$30:$C632, $C6)) -> 0 | J6: =IF(ISBLANK($C$3), SUMIFS(J$30:J632, $E$30:$E632, $E6, $D$30:$D632, $D6), SUMIFS(J$30:J632, $E$30:$E632, $E6, $D$30:$D632, $D6, $C$30:$C632, $C6)) -> 0 | K6: =IF(ISBLANK($C$3), SUMIFS(K$30:K632, $E$30:$E632, $E6, $D$30:$D632, $D6), SUMIFS(K$30:K632, $E$30:$E632, $E6, $D$30:$D632, $D6, $C$30:$C632, $C6)) -> 0 | L6: =IF(ISBLANK($C$3), SUMIFS(L$30:L632, $E$30:$E632, $E6, $D$30:$D632, $D6), SUMIFS(L$30:L632, $E$30:$E632, $E6, $D$30:$D632, $D6, $C$30:$C632, $C6)) -> 39 | M6: =IF(ISBLANK($C$3), SUMIFS(M$30:M632, $E$30:$E632, $E6, $D$30:$D632, $D6), SUMIFS(M$30:M632, $E$30:$E632, $E6, $D$30:$D632, $D6, $C$30:$C632, $C6)) -> 2089
B7: =IFERROR(VLOOKUP($E7, '입력값'!$B:$C, 2, FALSE),"") | C7: =IF($C$3 = "{시트명 입력}", "", $C$3) | F7: =IF(H7-L7, (H7-L7-M7)/(H7-L7), 0) -> 0 | G7: =if((H7-L7-M7), I7/(H7-L7-M7), 0) -> 0 | H7: =IF(ISBLANK($C$3), SUMIFS(H$30:H632, $E$30:$E632, $E7, $D$30:$D632, $D7), SUMIFS(H$30:H632, $E$30:$E632, $E7, $D$30:$D632, $D7, $C$30:$C632, $C7)) -> 0 | I7: =IF(ISBLANK($C$3), SUMIFS(I$30:I632, $E$30:$E632, $E7, $D$30:$D632, $D7), SUMIFS(I$30:I632, $E$30:$E632, $E7, $D$30:$D632, $D7, $C$30:$C632, $C7)) -> 0 | J7: =IF(ISBLANK($C$3), SUMIFS(J$30:J632, $E$30:$E632, $E7, $D$30:$D632, $D7), SUMIFS(J$30:J632, $E$30:$E632, $E7, $D$30:$D632, $D7, $C$30:$C632, $C7)) -> 0 | K7: =IF(ISBLANK($C$3), SUMIFS(K$30:K632, $E$30:$E632, $E7, $D$30:$D632, $D7), SUMIFS(K$30:K632, $E$30:$E632, $E7, $D$30:$D632, $D7, $C$30:$C632, $C7)) -> 0 | L7: =IF(ISBLANK($C$3), SUMIFS(L$30:L632, $E$30:$E632, $E7, $D$30:$D632, $D7), SUMIFS(L$30:L632, $E$30:$E632, $E7, $D$30:$D632, $D7, $C$30:$C632, $C7)) -> 0 | M7: =IF(ISBLANK($C$3), SUMIFS(M$30:M632, $E$30:$E632, $E7, $D$30:$D632, $D7), SUMIFS(M$30:M632, $E$30:$E632, $E7, $D$30:$D632, $D7, $C$30:$C632, $C7)) -> 0
B8: =IFERROR(VLOOKUP($E8, '입력값'!$B:$C, 2, FALSE),"") | C8: =IF($C$3 = "{시트명 입력}", "", $C$3) | F8: =IF(H8-L8, (H8-L8-M8)/(H8-L8), 0) -> 0 | G8: =if((H8-L8-M8), I8/(H8-L8-M8), 0) -> 0 | H8: =IF(ISBLANK($C$3), SUMIFS(H$30:H632, $E$30:$E632, $E8, $D$30:$D632, $D8), SUMIFS(H$30:H632, $E$30:$E632, $E8, $D$30:$D632, $D8, $C$30:$C632, $C8)) -> 0 | I8: =IF(ISBLANK($C$3), SUMIFS(I$30:I632, $E$30:$E632, $E8, $D$30:$D632, $D8), SUMIFS(I$30:I632, $E$30:$E632, $E8, $D$30:$D632, $D8, $C$30:$C632, $C8)) -> 0 | J8: =IF(ISBLANK($C$3), SUMIFS(J$30:J632, $E$30:$E632, $E8, $D$30:$D632, $D8), SUMIFS(J$30:J632, $E$30:$E632, $E8, $D$30:$D632, $D8, $C$30:$C632, $C8)) -> 0 | K8: =IF(ISBLANK($C$3), SUMIFS(K$30:K632, $E$30:$E632, $E8, $D$30:$D632, $D8), SUMIFS(K$30:K632, $E$30:$E632, $E8, $D$30:$D632, $D8, $C$30:$C632, $C8)) -> 0 | L8: =IF(ISBLANK($C$3), SUMIFS(L$30:L632, $E$30:$E632, $E8, $D$30:$D632, $D8), SUMIFS(L$30:L632, $E$30:$E632, $E8, $D$30:$D632, $D8, $C$30:$C632, $C8)) -> 0 | M8: =IF(ISBLANK($C$3), SUMIFS(M$30:M632, $E$30:$E632, $E8, $D$30:$D632, $D8), SUMIFS(M$30:M632, $E$30:$E632, $E8, $D$30:$D632, $D8, $C$30:$C632, $C8)) -> 0
B9: =IFERROR(VLOOKUP($E9, '입력값'!$B:$C, 2, FALSE),"") | C9: =IF($C$3 = "{시트명 입력}", "", $C$3) | F9: =IF(H9-L9, (H9-L9-M9)/(H9-L9), 0) -> 0 | G9: =if((H9-L9-M9), I9/(H9-L9-M9), 0) -> 0 | H9: =IF(ISBLANK($C$3), SUMIFS(H$30:H632, $E$30:$E632, $E9, $D$30:$D632, $D9), SUMIFS(H$30:H632, $E$30:$E632, $E9, $D$30:$D632, $D9, $C$30:$C632, $C9)) -> 0 | I9: =IF(ISBLANK($C$3), SUMIFS(I$30:I632, $E$30:$E632, $E9, $D$30:$D632, $D9), SUMIFS(I$30:I632, $E$30:$E632, $E9, $D$30:$D632, $D9, $C$30:$C632, $C9)) -> 0 | J9: =IF(ISBLANK($C$3), SUMIFS(J$30:J632, $E$30:$E632, $E9, $D$30:$D632, $D9), SUMIFS(J$30:J632, $E$30:$E632, $E9, $D$30:$D632, $D9, $C$30:$C632, $C9)) -> 0 | K9: =IF(ISBLANK($C$3), SUMIFS(K$30:K632, $E$30:$E632, $E9, $D$30:$D632, $D9), SUMIFS(K$30:K632, $E$30:$E632, $E9, $D$30:$D632, $D9, $C$30:$C632, $C9)) -> 0 | L9: =IF(ISBLANK($C$3), SUMIFS(L$30:L632, $E$30:$E632, $E9, $D$30:$D632, $D9), SUMIFS(L$30:L632, $E$30:$E632, $E9, $D$30:$D632, $D9, $C$30:$C632, $C9)) -> 0 | M9: =IF(ISBLANK($C$3), SUMIFS(M$30:M632, $E$30:$E632, $E9, $D$30:$D632, $D9), SUMIFS(M$30:M632, $E$30:$E632, $E9, $D$30:$D632, $D9, $C$30:$C632, $C9)) -> 0
B10: =IFERROR(VLOOKUP($E10, '입력값'!$B:$C, 2, FALSE),"") | C10: =IF($C$3 = "{시트명 입력}", "", $C$3) | F10: =IF(H10-L10, (H10-L10-M10)/(H10-L10), 0) -> 0 | G10: =if((H10-L10-M10), I10/(H10-L10-M10), 0) -> 0 | H10: =IF(ISBLANK($C$3), SUMIFS(H$30:H632, $E$30:$E632, $E10, $D$30:$D632, $D10), SUMIFS(H$30:H632, $E$30:$E632, $E10, $D$30:$D632, $D10, $C$30:$C632, $C10)) -> 0 | I10: =IF(ISBLANK($C$3), SUMIFS(I$30:I632, $E$30:$E632, $E10, $D$30:$D632, $D10), SUMIFS(I$30:I632, $E$30:$E632, $E10, $D$30:$D632, $D10, $C$30:$C632, $C10)) -> 0 | J10: =IF(ISBLANK($C$3), SUMIFS(J$30:J632, $E$30:$E632, $E10, $D$30:$D632, $D10), SUMIFS(J$30:J632, $E$30:$E632, $E10, $D$30:$D632, $D10, $C$30:$C632, $C10)) -> 0 | K10: =IF(ISBLANK($C$3), SUMIFS(K$30:K632, $E$30:$E632, $E10, $D$30:$D632, $D10), SUMIFS(K$30:K632, $E$30:$E632, $E10, $D$30:$D632, $D10, $C$30:$C632, $C10)) -> 0 | L10: =IF(ISBLANK($C$3), SUMIFS(L$30:L632, $E$30:$E632, $E10, $D$30:$D632, $D10), SUMIFS(L$30:L632, $E$30:$E632, $E10, $D$30:$D632, $D10, $C$30:$C632, $C10)) -> 0 | M10: =IF(ISBLANK($C$3), SUMIFS(M$30:M632, $E$30:$E632, $E10, $D$30:$D632, $D10), SUMIFS(M$30:M632, $E$30:$E632, $E10, $D$30:$D632, $D10, $C$30:$C632, $C10)) -> 0
B11: =IFERROR(VLOOKUP($E11, '입력값'!$B:$C, 2, FALSE),"") | C11: =IF($C$3 = "{시트명 입력}", "", $C$3) | F11: =IF(H11-L11, (H11-L11-M11)/(H11-L11), 0) -> 0 | G11: =if((H11-L11-M11), I11/(H11-L11-M11), 0) -> 0 | H11: =IF(ISBLANK($C$3), SUMIFS(H$30:H632, $E$30:$E632, $E11, $D$30:$D632, $D11), SUMIFS(H$30:H632, $E$30:$E632, $E11, $D$30:$D632, $D11, $C$30:$C632, $C11)) -> 0 | I11: =IF(ISBLANK($C$3), SUMIFS(I$30:I632, $E$30:$E632, $E11, $D$30:$D632, $D11), SUMIFS(I$30:I632, $E$30:$E632, $E11, $D$30:$D632, $D11, $C$30:$C632, $C11)) -> 0 | J11: =IF(ISBLANK($C$3), SUMIFS(J$30:J632, $E$30:$E632, $E11, $D$30:$D632, $D11), SUMIFS(J$30:J632, $E$30:$E632, $E11, $D$30:$D632, $D11, $C$30:$C632, $C11)) -> 0 | K11: =IF(ISBLANK($C$3), SUMIFS(K$30:K632, $E$30:$E632, $E11, $D$30:$D632, $D11), SUMIFS(K$30:K632, $E$30:$E632, $E11, $D$30:$D632, $D11, $C$30:$C632, $C11)) -> 0 | L11: =IF(ISBLANK($C$3), SUMIFS(L$30:L632, $E$30:$E632, $E11, $D$30:$D632, $D11), SUMIFS(L$30:L632, $E$30:$E632, $E11, $D$30:$D632, $D11, $C$30:$C632, $C11)) -> 0 | M11: =IF(ISBLANK($C$3), SUMIFS(M$30:M632, $E$30:$E632, $E11, $D$30:$D632, $D11), SUMIFS(M$30:M632, $E$30:$E632, $E11, $D$30:$D632, $D11, $C$30:$C632, $C11)) -> 0
B12: =IFERROR(VLOOKUP($E12, '입력값'!$B:$C, 2, FALSE),"") | C12: =IF($C$3 = "{시트명 입력}", "", $C$3) | F12: =IF(H12-L12, (H12-L12-M12)/(H12-L12), 0) -> 0 | G12: =if((H12-L12-M12), I12/(H12-L12-M12), 0) -> 0 | H12: =IF(ISBLANK($C$3), SUMIFS(H$30:H632, $E$30:$E632, $E12, $D$30:$D632, $D12), SUMIFS(H$30:H632, $E$30:$E632, $E12, $D$30:$D632, $D12, $C$30:$C632, $C12)) -> 0 | I12: =IF(ISBLANK($C$3), SUMIFS(I$30:I632, $E$30:$E632, $E12, $D$30:$D632, $D12), SUMIFS(I$30:I632, $E$30:$E632, $E12, $D$30:$D632, $D12, $C$30:$C632, $C12)) -> 0 | J12: =IF(ISBLANK($C$3), SUMIFS(J$30:J632, $E$30:$E632, $E12, $D$30:$D632, $D12), SUMIFS(J$30:J632, $E$30:$E632, $E12, $D$30:$D632, $D12, $C$30:$C632, $C12)) -> 0 | K12: =IF(ISBLANK($C$3), SUMIFS(K$30:K632, $E$30:$E632, $E12, $D$30:$D632, $D12), SUMIFS(K$30:K632, $E$30:$E632, $E12, $D$30:$D632, $D12, $C$30:$C632, $C12)) -> 0 | L12: =IF(ISBLANK($C$3), SUMIFS(L$30:L632, $E$30:$E632, $E12, $D$30:$D632, $D12), SUMIFS(L$30:L632, $E$30:$E632, $E12, $D$30:$D632, $D12, $C$30:$C632, $C12)) -> 0 | M12: =IF(ISBLANK($C$3), SUMIFS(M$30:M632, $E$30:$E632, $E12, $D$30:$D632, $D12), SUMIFS(M$30:M632, $E$30:$E632, $E12, $D$30:$D632, $D12, $C$30:$C632, $C12)) -> 0
B13: =IFERROR(VLOOKUP($E13, '입력값'!$B:$C, 2, FALSE),"") | C13: =IF($C$3 = "{시트명 입력}", "", $C$3) | F13: =IF(H13-L13, (H13-L13-M13)/(H13-L13), 0) -> 0 | G13: =if((H13-L13-M13), I13/(H13-L13-M13), 0) -> 0 | H13: =IF(ISBLANK($C$3), SUMIFS(H$30:H632, $E$30:$E632, $E13, $D$30:$D632, $D13), SUMIFS(H$30:H632, $E$30:$E632, $E13, $D$30:$D632, $D13, $C$30:$C632, $C13)) -> 0 | I13: =IF(ISBLANK($C$3), SUMIFS(I$30:I632, $E$30:$E632, $E13, $D$30:$D632, $D13), SUMIFS(I$30:I632, $E$30:$E632, $E13, $D$30:$D632, $D13, $C$30:$C632, $C13)) -> 0 | J13: =IF(ISBLANK($C$3), SUMIFS(J$30:J632, $E$30:$E632, $E13, $D$30:$D632, $D13), SUMIFS(J$30:J632, $E$30:$E632, $E13, $D$30:$D632, $D13, $C$30:$C632, $C13)) -> 0 | K13: =IF(ISBLANK($C$3), SUMIFS(K$30:K632, $E$30:$E632, $E13, $D$30:$D632, $D13), SUMIFS(K$30:K632, $E$30:$E632, $E13, $D$30:$D632, $D13, $C$30:$C632, $C13)) -> 0 | L13: =IF(ISBLANK($C$3), SUMIFS(L$30:L632, $E$30:$E632, $E13, $D$30:$D632, $D13), SUMIFS(L$30:L632, $E$30:$E632, $E13, $D$30:$D632, $D13, $C$30:$C632, $C13)) -> 0 | M13: =IF(ISBLANK($C$3), SUMIFS(M$30:M632, $E$30:$E632, $E13, $D$30:$D632, $D13), SUMIFS(M$30:M632, $E$30:$E632, $E13, $D$30:$D632, $D13, $C$30:$C632, $C13)) -> 0
B14: =IFERROR(VLOOKUP($E14, '입력값'!$B:$C, 2, FALSE),"") | C14: =IF($C$3 = "{시트명 입력}", "", $C$3) | F14: =IF(H14-L14, (H14-L14-M14)/(H14-L14), 0) -> 0 | G14: =if((H14-L14-M14), I14/(H14-L14-M14), 0) -> 0 | H14: =IF(ISBLANK($C$3), SUMIFS(H$30:H632, $E$30:$E632, $E14, $D$30:$D632, $D14), SUMIFS(H$30:H632, $E$30:$E632, $E14, $D$30:$D632, $D14, $C$30:$C632, $C14)) -> 0 | I14: =IF(ISBLANK($C$3), SUMIFS(I$30:I632, $E$30:$E632, $E14, $D$30:$D632, $D14), SUMIFS(I$30:I632, $E$30:$E632, $E14, $D$30:$D632, $D14, $C$30:$C632, $C14)) -> 0 | J14: =IF(ISBLANK($C$3), SUMIFS(J$30:J632, $E$30:$E632, $E14, $D$30:$D632, $D14), SUMIFS(J$30:J632, $E$30:$E632, $E14, $D$30:$D632, $D14, $C$30:$C632, $C14)) -> 0 | K14: =IF(ISBLANK($C$3), SUMIFS(K$30:K632, $E$30:$E632, $E14, $D$30:$D632, $D14), SUMIFS(K$30:K632, $E$30:$E632, $E14, $D$30:$D632, $D14, $C$30:$C632, $C14)) -> 0 | L14: =IF(ISBLANK($C$3), SUMIFS(L$30:L632, $E$30:$E632, $E14, $D$30:$D632, $D14), SUMIFS(L$30:L632, $E$30:$E632, $E14, $D$30:$D632, $D14, $C$30:$C632, $C14)) -> 0 | M14: =IF(ISBLANK($C$3), SUMIFS(M$30:M632, $E$30:$E632, $E14, $D$30:$D632, $D14), SUMIFS(M$30:M632, $E$30:$E632, $E14, $D$30:$D632, $D14, $C$30:$C632, $C14)) -> 0
B15: =IFERROR(VLOOKUP($E15, '입력값'!$B:$C, 2, FALSE),"") | C15: =IF($C$3 = "{시트명 입력}", "", $C$3) | F15: =IF(H15-L15, (H15-L15-M15)/(H15-L15), 0) -> 0 | G15: =if((H15-L15-M15), I15/(H15-L15-M15), 0) -> 0 | H15: =IF(ISBLANK($C$3), SUMIFS(H$30:H632, $E$30:$E632, $E15, $D$30:$D632, $D15), SUMIFS(H$30:H632, $E$30:$E632, $E15, $D$30:$D632, $D15, $C$30:$C632, $C15)) -> 0 | I15: =IF(ISBLANK($C$3), SUMIFS(I$30:I632, $E$30:$E632, $E15, $D$30:$D632, $D15), SUMIFS(I$30:I632, $E$30:$E632, $E15, $D$30:$D632, $D15, $C$30:$C632, $C15)) -> 0 | J15: =IF(ISBLANK($C$3), SUMIFS(J$30:J632, $E$30:$E632, $E15, $D$30:$D632, $D15), SUMIFS(J$30:J632, $E$30:$E632, $E15, $D$30:$D632, $D15, $C$30:$C632, $C15)) -> 0 | K15: =IF(ISBLANK($C$3), SUMIFS(K$30:K632, $E$30:$E632, $E15, $D$30:$D632, $D15), SUMIFS(K$30:K632, $E$30:$E632, $E15, $D$30:$D632, $D15, $C$30:$C632, $C15)) -> 0 | L15: =IF(ISBLANK($C$3), SUMIFS(L$30:L632, $E$30:$E632, $E15, $D$30:$D632, $D15), SUMIFS(L$30:L632, $E$30:$E632, $E15, $D$30:$D632, $D15, $C$30:$C632, $C15)) -> 0 | M15: =IF(ISBLANK($C$3), SUMIFS(M$30:M632, $E$30:$E632, $E15, $D$30:$D632, $D15), SUMIFS(M$30:M632, $E$30:$E632, $E15, $D$30:$D632, $D15, $C$30:$C632, $C15)) -> 0
B16: =IFERROR(VLOOKUP($E16, '입력값'!$B:$C, 2, FALSE),"") | C16: =IF($C$3 = "{시트명 입력}", "", $C$3) | F16: =IF(H16-L16, (H16-L16-M16)/(H16-L16), 0) -> 0 | G16: =if((H16-L16-M16), I16/(H16-L16-M16), 0) -> 0 | H16: =IF(ISBLANK($C$3), SUMIFS(H$30:H632, $E$30:$E632, $E16, $D$30:$D632, $D16), SUMIFS(H$30:H632, $E$30:$E632, $E16, $D$30:$D632, $D16, $C$30:$C632, $C16)) -> 0 | I16: =IF(ISBLANK($C$3), SUMIFS(I$30:I632, $E$30:$E632, $E16, $D$30:$D632, $D16), SUMIFS(I$30:I632, $E$30:$E632, $E16, $D$30:$D632, $D16, $C$30:$C632, $C16)) -> 0 | J16: =IF(ISBLANK($C$3), SUMIFS(J$30:J632, $E$30:$E632, $E16, $D$30:$D632, $D16), SUMIFS(J$30:J632, $E$30:$E632, $E16, $D$30:$D632, $D16, $C$30:$C632, $C16)) -> 0 | K16: =IF(ISBLANK($C$3), SUMIFS(K$30:K632, $E$30:$E632, $E16, $D$30:$D632, $D16), SUMIFS(K$30:K632, $E$30:$E632, $E16, $D$30:$D632, $D16, $C$30:$C632, $C16)) -> 0 | L16: =IF(ISBLANK($C$3), SUMIFS(L$30:L632, $E$30:$E632, $E16, $D$30:$D632, $D16), SUMIFS(L$30:L632, $E$30:$E632, $E16, $D$30:$D632, $D16, $C$30:$C632, $C16)) -> 0 | M16: =IF(ISBLANK($C$3), SUMIFS(M$30:M632, $E$30:$E632, $E16, $D$30:$D632, $D16), SUMIFS(M$30:M632, $E$30:$E632, $E16, $D$30:$D632, $D16, $C$30:$C632, $C16)) -> 0
B17: =IFERROR(VLOOKUP($E17, '입력값'!$B:$C, 2, FALSE),"") | C17: =IF($C$3 = "{시트명 입력}", "", $C$3) | F17: =IF(H17-L17, (H17-L17-M17)/(H17-L17), 0) -> 0 | G17: =if((H17-L17-M17), I17/(H17-L17-M17), 0) -> 0 | H17: =IF(ISBLANK($C$3), SUMIFS(H$30:H632, $E$30:$E632, $E17, $D$30:$D632, $D17), SUMIFS(H$30:H632, $E$30:$E632, $E17, $D$30:$D632, $D17, $C$30:$C632, $C17)) -> 0 | I17: =IF(ISBLANK($C$3), SUMIFS(I$30:I632, $E$30:$E632, $E17, $D$30:$D632, $D17), SUMIFS(I$30:I632, $E$30:$E632, $E17, $D$30:$D632, $D17, $C$30:$C632, $C17)) -> 0 | J17: =IF(ISBLANK($C$3), SUMIFS(J$30:J632, $E$30:$E632, $E17, $D$30:$D632, $D17), SUMIFS(J$30:J632, $E$30:$E632, $E17, $D$30:$D632, $D17, $C$30:$C632, $C17)) -> 0 | K17: =IF(ISBLANK($C$3), SUMIFS(K$30:K632, $E$30:$E632, $E17, $D$30:$D632, $D17), SUMIFS(K$30:K632, $E$30:$E632, $E17, $D$30:$D632, $D17, $C$30:$C632, $C17)) -> 0 | L17: =IF(ISBLANK($C$3), SUMIFS(L$30:L632, $E$30:$E632, $E17, $D$30:$D632, $D17), SUMIFS(L$30:L632, $E$30:$E632, $E17, $D$30:$D632, $D17, $C$30:$C632, $C17)) -> 0 | M17: =IF(ISBLANK($C$3), SUMIFS(M$30:M632, $E$30:$E632, $E17, $D$30:$D632, $D17), SUMIFS(M$30:M632, $E$30:$E632, $E17, $D$30:$D632, $D17, $C$30:$C632, $C17)) -> 0
B18: =IFERROR(VLOOKUP($E18, '입력값'!$B:$C, 2, FALSE),"") | C18: =IF($C$3 = "{시트명 입력}", "", $C$3) | F18: =IF(H18-L18, (H18-L18-M18)/(H18-L18), 0) -> 0 | G18: =if((H18-L18-M18), I18/(H18-L18-M18), 0) -> 0 | H18: =IF(ISBLANK($C$3), SUMIFS(H$30:H632, $E$30:$E632, $E18, $D$30:$D632, $D18), SUMIFS(H$30:H632, $E$30:$E632, $E18, $D$30:$D632, $D18, $C$30:$C632, $C18)) -> 0 | I18: =IF(ISBLANK($C$3), SUMIFS(I$30:I632, $E$30:$E632, $E18, $D$30:$D632, $D18), SUMIFS(I$30:I632, $E$30:$E632, $E18, $D$30:$D632, $D18, $C$30:$C632, $C18)) -> 0 | J18: =IF(ISBLANK($C$3), SUMIFS(J$30:J632, $E$30:$E632, $E18, $D$30:$D632, $D18), SUMIFS(J$30:J632, $E$30:$E632, $E18, $D$30:$D632, $D18, $C$30:$C632, $C18)) -> 0 | K18: =IF(ISBLANK($C$3), SUMIFS(K$30:K632, $E$30:$E632, $E18, $D$30:$D632, $D18), SUMIFS(K$30:K632, $E$30:$E632, $E18, $D$30:$D632, $D18, $C$30:$C632, $C18)) -> 0 | L18: =IF(ISBLANK($C$3), SUMIFS(L$30:L632, $E$30:$E632, $E18, $D$30:$D632, $D18), SUMIFS(L$30:L632, $E$30:$E632, $E18, $D$30:$D632, $D18, $C$30:$C632, $C18)) -> 0 | M18: =IF(ISBLANK($C$3), SUMIFS(M$30:M632, $E$30:$E632, $E18, $D$30:$D632, $D18), SUMIFS(M$30:M632, $E$30:$E632, $E18, $D$30:$D632, $D18, $C$30:$C632, $C18)) -> 0
B19: =IFERROR(VLOOKUP($E19, '입력값'!$B:$C, 2, FALSE),"") | C19: =IF($C$3 = "{시트명 입력}", "", $C$3) | F19: =IF(H19-L19, (H19-L19-M19)/(H19-L19), 0) -> 0 | G19: =if((H19-L19-M19), I19/(H19-L19-M19), 0) -> 0 | H19: =IF(ISBLANK($C$3), SUMIFS(H$30:H632, $E$30:$E632, $E19, $D$30:$D632, $D19), SUMIFS(H$30:H632, $E$30:$E632, $E19, $D$30:$D632, $D19, $C$30:$C632, $C19)) -> 0 | I19: =IF(ISBLANK($C$3), SUMIFS(I$30:I632, $E$30:$E632, $E19, $D$30:$D632, $D19), SUMIFS(I$30:I632, $E$30:$E632, $E19, $D$30:$D632, $D19, $C$30:$C632, $C19)) -> 0 | J19: =IF(ISBLANK($C$3), SUMIFS(J$30:J632, $E$30:$E632, $E19, $D$30:$D632, $D19), SUMIFS(J$30:J632, $E$30:$E632, $E19, $D$30:$D632, $D19, $C$30:$C632, $C19)) -> 0 | K19: =IF(ISBLANK($C$3), SUMIFS(K$30:K632, $E$30:$E632, $E19, $D$30:$D632, $D19), SUMIFS(K$30:K632, $E$30:$E632, $E19, $D$30:$D632, $D19, $C$30:$C632, $C19)) -> 0 | L19: =IF(ISBLANK($C$3), SUMIFS(L$30:L632, $E$30:$E632, $E19, $D$30:$D632, $D19), SUMIFS(L$30:L632, $E$30:$E632, $E19, $D$30:$D632, $D19, $C$30:$C632, $C19)) -> 0 | M19: =IF(ISBLANK($C$3), SUMIFS(M$30:M632, $E$30:$E632, $E19, $D$30:$D632, $D19), SUMIFS(M$30:M632, $E$30:$E632, $E19, $D$30:$D632, $D19, $C$30:$C632, $C19)) -> 0
B20: =IFERROR(VLOOKUP($E20, '입력값'!$B:$C, 2, FALSE),"") | C20: =IF($C$3 = "{시트명 입력}", "", $C$3) | F20: =IF(H20-L20, (H20-L20-M20)/(H20-L20), 0) -> 0 | G20: =if((H20-L20-M20), I20/(H20-L20-M20), 0) -> 0 | H20: =IF(ISBLANK($C$3), SUMIFS(H$30:H632, $E$30:$E632, $E20, $D$30:$D632, $D20), SUMIFS(H$30:H632, $E$30:$E632, $E20, $D$30:$D632, $D20, $C$30:$C632, $C20)) -> 0 | I20: =IF(ISBLANK($C$3), SUMIFS(I$30:I632, $E$30:$E632, $E20, $D$30:$D632, $D20), SUMIFS(I$30:I632, $E$30:$E632, $E20, $D$30:$D632, $D20, $C$30:$C632, $C20)) -> 0 | J20: =IF(ISBLANK($C$3), SUMIFS(J$30:J632, $E$30:$E632, $E20, $D$30:$D632, $D20), SUMIFS(J$30:J632, $E$30:$E632, $E20, $D$30:$D632, $D20, $C$30:$C632, $C20)) -> 0 | K20: =IF(ISBLANK($C$3), SUMIFS(K$30:K632, $E$30:$E632, $E20, $D$30:$D632, $D20), SUMIFS(K$30:K632, $E$30:$E632, $E20, $D$30:$D632, $D20, $C$30:$C632, $C20)) -> 0 | L20: =IF(ISBLANK($C$3), SUMIFS(L$30:L632, $E$30:$E632, $E20, $D$30:$D632, $D20), SUMIFS(L$30:L632, $E$30:$E632, $E20, $D$30:$D632, $D20, $C$30:$C632, $C20)) -> 0 | M20: =IF(ISBLANK($C$3), SUMIFS(M$30:M632, $E$30:$E632, $E20, $D$30:$D632, $D20), SUMIFS(M$30:M632, $E$30:$E632, $E20, $D$30:$D632, $D20, $C$30:$C632, $C20)) -> 0
B21: =IFERROR(VLOOKUP($E21, '입력값'!$B:$C, 2, FALSE),"") | C21: =IF($C$3 = "{시트명 입력}", "", $C$3) | F21: =IF(H21-L21, (H21-L21-M21)/(H21-L21), 0) -> 0 | G21: =if((H21-L21-M21), I21/(H21-L21-M21), 0) -> 0 | H21: =IF(ISBLANK($C$3), SUMIFS(H$30:H632, $E$30:$E632, $E21, $D$30:$D632, $D21), SUMIFS(H$30:H632, $E$30:$E632, $E21, $D$30:$D632, $D21, $C$30:$C632, $C21)) -> 0 | I21: =IF(ISBLANK($C$3), SUMIFS(I$30:I632, $E$30:$E632, $E21, $D$30:$D632, $D21), SUMIFS(I$30:I632, $E$30:$E632, $E21, $D$30:$D632, $D21, $C$30:$C632, $C21)) -> 0 | J21: =IF(ISBLANK($C$3), SUMIFS(J$30:J632, $E$30:$E632, $E21, $D$30:$D632, $D21), SUMIFS(J$30:J632, $E$30:$E632, $E21, $D$30:$D632, $D21, $C$30:$C632, $C21)) -> 0 | K21: =IF(ISBLANK($C$3), SUMIFS(K$30:K632, $E$30:$E632, $E21, $D$30:$D632, $D21), SUMIFS(K$30:K632, $E$30:$E632, $E21, $D$30:$D632, $D21, $C$30:$C632, $C21)) -> 0 | L21: =IF(ISBLANK($C$3), SUMIFS(L$30:L632, $E$30:$E632, $E21, $D$30:$D632, $D21), SUMIFS(L$30:L632, $E$30:$E632, $E21, $D$30:$D632, $D21, $C$30:$C632, $C21)) -> 0 | M21: =IF(ISBLANK($C$3), SUMIFS(M$30:M632, $E$30:$E632, $E21, $D$30:$D632, $D21), SUMIFS(M$30:M632, $E$30:$E632, $E21, $D$30:$D632, $D21, $C$30:$C632, $C21)) -> 0
B22: =IFERROR(VLOOKUP($E22, '입력값'!$B:$C, 2, FALSE),"") | C22: =IF($C$3 = "{시트명 입력}", "", $C$3) | F22: =IF(H22-L22, (H22-L22-M22)/(H22-L22), 0) -> 0 | G22: =if((H22-L22-M22), I22/(H22-L22-M22), 0) -> 0 | H22: =IF(ISBLANK($C$3), SUMIFS(H$30:H632, $E$30:$E632, $E22, $D$30:$D632, $D22), SUMIFS(H$30:H632, $E$30:$E632, $E22, $D$30:$D632, $D22, $C$30:$C632, $C22)) -> 0 | I22: =IF(ISBLANK($C$3), SUMIFS(I$30:I632, $E$30:$E632, $E22, $D$30:$D632, $D22), SUMIFS(I$30:I632, $E$30:$E632, $E22, $D$30:$D632, $D22, $C$30:$C632, $C22)) -> 0 | J22: =IF(ISBLANK($C$3), SUMIFS(J$30:J632, $E$30:$E632, $E22, $D$30:$D632, $D22), SUMIFS(J$30:J632, $E$30:$E632, $E22, $D$30:$D632, $D22, $C$30:$C632, $C22)) -> 0 | K22: =IF(ISBLANK($C$3), SUMIFS(K$30:K632, $E$30:$E632, $E22, $D$30:$D632, $D22), SUMIFS(K$30:K632, $E$30:$E632, $E22, $D$30:$D632, $D22, $C$30:$C632, $C22)) -> 0 | L22: =IF(ISBLANK($C$3), SUMIFS(L$30:L632, $E$30:$E632, $E22, $D$30:$D632, $D22), SUMIFS(L$30:L632, $E$30:$E632, $E22, $D$30:$D632, $D22, $C$30:$C632, $C22)) -> 0 | M22: =IF(ISBLANK($C$3), SUMIFS(M$30:M632, $E$30:$E632, $E22, $D$30:$D632, $D22), SUMIFS(M$30:M632, $E$30:$E632, $E22, $D$30:$D632, $D22, $C$30:$C632, $C22)) -> 0
B23: 부분 | C23: =E23 & (IF(ISBLANK(D23), " (통합)", " (" & D23 & "차)")) -> Android (6차) | D23: 6 | E23: Android | F23: =IF(H23-L23, (H23-L23-M23)/(H23-L23), 0) -> 0 | G23: =if((H23-L23-M23), I23/(H23-L23-M23), 0) -> 0 | H23: =IF(ISBLANK($D23), SUMIFS(H$3:H$22, $B$3:$B$22, $E23), SUMIFS(H$3:H$22, $D$3:$D$22, $D23, $B$3:$B$22, $E23)) -> 3938 | I23: =IF(ISBLANK($D23), SUMIFS(I$3:I$22, $B$3:$B$22, $E23), SUMIFS(I$3:I$22, $D$3:$D$22, $D23, $B$3:$B$22, $E23)) -> 0 | J23: =IF(ISBLANK($D23), SUMIFS(J$3:J$22, $B$3:$B$22, $E23), SUMIFS(J$3:J$22, $D$3:$D$22, $D23, $B$3:$B$22, $E23)) -> 0 | K23: =IF(ISBLANK($D23), SUMIFS(K$3:K$22, $B$3:$B$22, $E23), SUMIFS(K$3:K$22, $D$3:$D$22, $D23, $B$3:$B$22, $E23)) -> 0 | L23: =IF(ISBLANK($D23), SUMIFS(L$3:L$22, $B$3:$B$22, $E23), SUMIFS(L$3:L$22, $D$3:$D$22, $D23, $B$3:$B$22, $E23)) -> 114 | M23: =IF(ISBLANK($D23), SUMIFS(M$3:M$22, $B$3:$B$22, $E23), SUMIFS(M$3:M$22, $D$3:$D$22, $D23, $B$3:$B$22, $E23)) -> 3824
C24: =E24 & (IF(ISBLANK(D24), " (통합)", " (" & D24 & "차)")) -> iOS (6차) | D24: 6 | E24: iOS | F24: =IF(H24-L24, (H24-L24-M24)/(H24-L24), 0) -> 0 | G24: =if((H24-L24-M24), I24/(H24-L24-M24), 0) -> 0 | H24: =IF(ISBLANK($D24), SUMIFS(H$3:H$22, $B$3:$B$22, $E24), SUMIFS(H$3:H$22, $D$3:$D$22, $D24, $B$3:$B$22, $E24)) -> 3938 | I24: =IF(ISBLANK($D24), SUMIFS(I$3:I$22, $B$3:$B$22, $E24), SUMIFS(I$3:I$22, $D$3:$D$22, $D24, $B$3:$B$22, $E24)) -> 0 | J24: =IF(ISBLANK($D24), SUMIFS(J$3:J$22, $B$3:$B$22, $E24), SUMIFS(J$3:J$22, $D$3:$D$22, $D24, $B$3:$B$22, $E24)) -> 0 | K24: =IF(ISBLANK($D24), SUMIFS(K$3:K$22, $B$3:$B$22, $E24), SUMIFS(K$3:K$22, $D$3:$D$22, $D24, $B$3:$B$22, $E24)) -> 0 | L24: =IF(ISBLANK($D24), SUMIFS(L$3:L$22, $B$3:$B$22, $E24), SUMIFS(L$3:L$22, $D$3:$D$22, $D24, $B$3:$B$22, $E24)) -> 106 | M24: =IF(ISBLANK($D24), SUMIFS(M$3:M$22, $B$3:$B$22, $E24), SUMIFS(M$3:M$22, $D$3:$D$22, $D24, $B$3:$B$22, $E24)) -> 3832
C25: =E25 & (IF(ISBLANK(D25), " (통합)", " (" & D25 & "차)")) -> Windows (통합) | E25: Windows | F25: =IF(H25-L25, (H25-L25-M25)/(H25-L25), 0) -> 0 | G25: =if((H25-L25-M25), I25/(H25-L25-M25), 0) -> 0 | H25: =IF(ISBLANK($D25), SUMIFS(H$3:H$22, $B$3:$B$22, $E25), SUMIFS(H$3:H$22, $D$3:$D$22, $D25, $B$3:$B$22, $E25)) -> 0 | I25: =IF(ISBLANK($D25), SUMIFS(I$3:I$22, $B$3:$B$22, $E25), SUMIFS(I$3:I$22, $D$3:$D$22, $D25, $B$3:$B$22, $E25)) -> 0 | J25: =IF(ISBLANK($D25), SUMIFS(J$3:J$22, $B$3:$B$22, $E25), SUMIFS(J$3:J$22, $D$3:$D$22, $D25, $B$3:$B$22, $E25)) -> 0 | K25: =IF(ISBLANK($D25), SUMIFS(K$3:K$22, $B$3:$B$22, $E25), SUMIFS(K$3:K$22, $D$3:$D$22, $D25, $B$3:$B$22, $E25)) -> 0 | L25: =IF(ISBLANK($D25), SUMIFS(L$3:L$22, $B$3:$B$22, $E25), SUMIFS(L$3:L$22, $D$3:$D$22, $D25, $B$3:$B$22, $E25)) -> 0 | M25: =IF(ISBLANK($D25), SUMIFS(M$3:M$22, $B$3:$B$22, $E25), SUMIFS(M$3:M$22, $D$3:$D$22, $D25, $B$3:$B$22, $E25)) -> 0
C26: =E26 & (IF(ISBLANK(D26), " (통합)", " (" & D26 & "차)")) -> macOS (통합) | E26: macOS | F26: =IF(H26-L26, (H26-L26-M26)/(H26-L26), 0) -> 0 | G26: =if((H26-L26-M26), I26/(H26-L26-M26), 0) -> 0 | H26: =IF(ISBLANK($D26), SUMIFS(H$3:H$22, $B$3:$B$22, $E26), SUMIFS(H$3:H$22, $D$3:$D$22, $D26, $B$3:$B$22, $E26)) -> 0 | I26: =IF(ISBLANK($D26), SUMIFS(I$3:I$22, $B$3:$B$22, $E26), SUMIFS(I$3:I$22, $D$3:$D$22, $D26, $B$3:$B$22, $E26)) -> 0 | J26: =IF(ISBLANK($D26), SUMIFS(J$3:J$22, $B$3:$B$22, $E26), SUMIFS(J$3:J$22, $D$3:$D$22, $D26, $B$3:$B$22, $E26)) -> 0 | K26: =IF(ISBLANK($D26), SUMIFS(K$3:K$22, $B$3:$B$22, $E26), SUMIFS(K$3:K$22, $D$3:$D$22, $D26, $B$3:$B$22, $E26)) -> 0 | L26: =IF(ISBLANK($D26), SUMIFS(L$3:L$22, $B$3:$B$22, $E26), SUMIFS(L$3:L$22, $D$3:$D$22, $D26, $B$3:$B$22, $E26)) -> 0 | M26: =IF(ISBLANK($D26), SUMIFS(M$3:M$22, $B$3:$B$22, $E26), SUMIFS(M$3:M$22, $D$3:$D$22, $D26, $B$3:$B$22, $E26)) -> 0
B27: 전체 | C27: 전체 통합 | D27: - | E27: - | F27: =IF(H27-L27, (H27-L27-M27)/(H27-L27), 0) -> 0 | G27: =if((H27-L27-M27), I27/(H27-L27-M27), 0) -> 0 | H27: =SUM(H3:H22) -> 7876 | I27: =SUM(I3:I22) -> 0 | J27: =SUM(J3:J22) -> 0 | K27: =SUM(K3:K22) -> 0 | L27: =SUM(L3:L22) -> 220 | M27: =SUM(M3:M22) -> 7656
B28: 시트 통계 | N28: TC리뷰
B29: No. | C29: _x001b_구분 (시트이름) | D29: Iteration | E29: 환경 | F29: Coverage | G29: Pass Rate | H29: Total | I29: P | J29: F | K29: B | L29: N/I | M29: N/R | O29: 비고 | Q29: 각 시트별 통계는 테스트 케이스 시트에 하단의 통계를 참조하여 자동 노출됩니다. 배경이 흰색인 셀은 변경 가능하며, 그외 셀은 변경하지 마세요. (시트명은 각 시트별 젤 상단 셀에만 입력하면 자동 입력됩니다.)
B30: 1 | C30: 1.가입 | D30: ='1.가입'!$H$668 -> 6 | E30: ='1.가입'!$H$669 -> a16 | F30: ='1.가입'!$H$672 -> 0 | G30: ='1.가입'!$H$673 -> 0 | H30: ='1.가입'!$H$674 -> 102 | I30: ='1.가입'!$H$675 -> 0 | J30: ='1.가입'!$H$676 -> 0 | K30: ='1.가입'!$H$677 -> 0 | L30: ='1.가입'!$H$678 -> 4 | M30: ='1.가입'!$H$679 -> 98 | N30: {=INDIRECT("'" & C30 & "'!$AG$1")} -> 0
C31: =IF(C30 = "{시트이름 입력}", "", C30) -> 1.가입 | D31: ='1.가입'!$I$668 -> 6 | E31: ='1.가입'!$I$669 -> i18 | F31: ='1.가입'!$I$672 -> 0 | G31: ='1.가입'!$I$673 -> 0 | H31: ='1.가입'!$I$674 -> 102 | I31: ='1.가입'!$I$675 -> 0 | J31: ='1.가입'!$I$676 -> 0 | K31: ='1.가입'!$I$677 -> 0 | L31: ='1.가입'!$I$678 -> 4 | M31: ='1.가입'!$I$679 -> 98
C32: =IF(C30 = "{시트이름 입력}", "", C30) -> 1.가입 | D32: ='1.가입'!$J$668 | E32: ='1.가입'!$J$669 | F32: ='1.가입'!$J$672 | G32: ='1.가입'!$J$673 | H32: ='1.가입'!$J$674 | I32: ='1.가입'!$J$675 | J32: ='1.가입'!$J$676 | K32: ='1.가입'!$J$677 | L32: ='1.가입'!$J$678 | M32: ='1.가입'!$J$679
C33: =IF(C30 = "{시트이름 입력}", "", C30) -> 1.가입 | D33: ='1.가입'!$K$668 | E33: ='1.가입'!$K$669 | F33: ='1.가입'!$K$672 | G33: ='1.가입'!$K$673 | H33: ='1.가입'!$K$674 | I33: ='1.가입'!$K$675 | J33: ='1.가입'!$K$676 | K33: ='1.가입'!$K$677 | L33: ='1.가입'!$K$678 | M33: ='1.가입'!$K$679
C34: =IF(C30 = "{시트이름 입력}", "", C30) -> 1.가입 | D34: ='1.가입'!$L$668 | E34: ='1.가입'!$L$669 | F34: ='1.가입'!$L$672 -> 0 | G34: ='1.가입'!$L$673 -> 0 | H34: ='1.가입'!$L$674 -> 296 | I34: ='1.가입'!$L$675 -> 0 | J34: ='1.가입'!$L$676 -> 0 | K34: ='1.가입'!$L$677 -> 0 | L34: ='1.가입'!$L$678 -> 0 | M34: ='1.가입'!$L$679 -> 296
C35: =IF(C30 = "{시트이름 입력}", "", C30) -> 1.가입 | D35: ='1.가입'!$M$668 | E35: ='1.가입'!$M$669 | F35: ='1.가입'!$M$672 -> 0 | G35: ='1.가입'!$M$673 -> 0 | H35: ='1.가입'!$M$674 -> 296 | I35: ='1.가입'!$M$675 -> 0 | J35: ='1.가입'!$M$676 -> 0 | K35: ='1.가입'!$M$677 -> 0 | L35: ='1.가입'!$M$678 -> 0 | M35: ='1.가입'!$M$679 -> 296
C36: =IF(C30 = "{시트이름 입력}", "", C30) -> 1.가입 | D36: ='1.가입'!$N$668 | E36: ='1.가입'!$N$669 | F36: ='1.가입'!$N$672 -> 0 | G36: ='1.가입'!$N$673 -> 0 | H36: ='1.가입'!$N$674 -> 296 | I36: ='1.가입'!$N$675 -> 0 | J36: ='1.가입'!$N$676 -> 0 | K36: ='1.가입'!$N$677 -> 0 | L36: ='1.가입'!$N$678 -> 0 | M36: ='1.가입'!$N$679 -> 296
C37: =IF(C30 = "{시트이름 입력}", "", C30) -> 1.가입 | D37: ='1.가입'!$O$668 | E37: ='1.가입'!$O$669 | F37: ='1.가입'!$O$672 -> 0 | G37: ='1.가입'!$O$673 -> 0 | H37: ='1.가입'!$O$674 -> 296 | I37: ='1.가입'!$O$675 -> 0 | J37: ='1.가입'!$O$676 -> 0 | K37: ='1.가입'!$O$677 -> 0 | L37: ='1.가입'!$O$678 -> 0 | M37: ='1.가입'!$O$679 -> 296
C38: =IF(C30 = "{시트이름 입력}", "", C30) -> 1.가입 | D38: ='1.가입'!$P$668 | E38: ='1.가입'!$P$669 | F38: ='1.가입'!$P$672 -> 0 | G38: ='1.가입'!$P$673 -> 0 | H38: ='1.가입'!$P$674 -> 296 | I38: ='1.가입'!$P$675 -> 0 | J38: ='1.가입'!$P$676 -> 0 | K38: ='1.가입'!$P$677 -> 0 | L38: ='1.가입'!$P$678 -> 0 | M38: ='1.가입'!$P$679 -> 296
C39: =IF(C30 = "{시트이름 입력}", "", C30) -> 1.가입 | D39: ='1.가입'!$Q$668 | E39: ='1.가입'!$Q$669 | F39: ='1.가입'!$Q$672 -> 0 | G39: ='1.가입'!$Q$673 -> 0 | H39: ='1.가입'!$Q$674 -> 296 | I39: ='1.가입'!$Q$675 -> 0 | J39: ='1.가입'!$Q$676 -> 0 | K39: ='1.가입'!$Q$677 -> 0 | L39: ='1.가입'!$Q$678 -> 0 | M39: ='1.가입'!$Q$679 -> 296
C40: =IF(C30 = "{시트이름 입력}", "", C30) -> 1.가입 | D40: ='1.가입'!$R$668 | E40: ='1.가입'!$R$669 | F40: ='1.가입'!$R$672 -> 0 | G40: ='1.가입'!$R$673 -> 0 | H40: ='1.가입'!$R$674 -> 296 | I40: ='1.가입'!$R$675 -> 0 | J40: ='1.가입'!$R$676 -> 0 | K40: ='1.가입'!$R$677 -> 0 | L40: ='1.가입'!$R$678 -> 0 | M40: ='1.가입'!$R$679 -> 296
C41: =IF(C30 = "{시트이름 입력}", "", C30) -> 1.가입 | D41: ='1.가입'!$S$668 | E41: ='1.가입'!$S$669 | F41: ='1.가입'!$S$672 -> 0 | G41: ='1.가입'!$S$673 -> 0 | H41: ='1.가입'!$S$674 -> 296 | I41: ='1.가입'!$S$675 -> 0 | J41: ='1.가입'!$S$676 -> 0 | K41: ='1.가입'!$S$677 -> 0 | L41: ='1.가입'!$S$678 -> 0 | M41: ='1.가입'!$S$679 -> 296
C42: =IF(C30 = "{시트이름 입력}", "", C30) -> 1.가입 | D42: ='1.가입'!$T$668 | E42: ='1.가입'!$T$669 | F42: ='1.가입'!$T$672 -> 0 | G42: ='1.가입'!$T$673 -> 0 | H42: ='1.가입'!$T$674 -> 296 | I42: ='1.가입'!$T$675 -> 0 | J42: ='1.가입'!$T$676 -> 0 | K42: ='1.가입'!$T$677 -> 0 | L42: ='1.가입'!$T$678 -> 0 | M42: ='1.가입'!$T$679 -> 296
C43: =IF(C30 = "{시트이름 입력}", "", C30) -> 1.가입 | D43: ='1.가입'!$U$668 | E43: ='1.가입'!$U$669 | F43: ='1.가입'!$U$672 -> 0 | G43: ='1.가입'!$U$673 -> 0 | H43: ='1.가입'!$U$674 -> 296 | I43: ='1.가입'!$U$675 -> 0 | J43: ='1.가입'!$U$676 -> 0 | K43: ='1.가입'!$U$677 -> 0 | L43: ='1.가입'!$U$678 -> 0 | M43: ='1.가입'!$U$679 -> 296
C44: =IF(C30 = "{시트이름 입력}", "", C30) -> 1.가입 | D44: ='1.가입'!$V$668 | E44: ='1.가입'!$V$669 | F44: ='1.가입'!$V$672 -> 0 | G44: ='1.가입'!$V$673 -> 0 | H44: ='1.가입'!$V$674 -> 296 | I44: ='1.가입'!$V$675 -> 0 | J44: ='1.가입'!$V$676 -> 0 | K44: ='1.가입'!$V$677 -> 0 | L44: ='1.가입'!$V$678 -> 0 | M44: ='1.가입'!$V$679 -> 296
C45: =IF(C30 = "{시트이름 입력}", "", C30) -> 1.가입 | D45: ='1.가입'!$W$668 | E45: ='1.가입'!$W$669 | F45: ='1.가입'!$W$672 -> 0 | G45: ='1.가입'!$W$673 -> 0 | H45: ='1.가입'!$W$674 -> 296 | I45: ='1.가입'!$W$675 -> 0 | J45: ='1.가입'!$W$676 -> 0 | K45: ='1.가입'!$W$677 -> 0 | L45: ='1.가입'!$W$678 -> 0 | M45: ='1.가입'!$W$679 -> 296
C46: =IF(C30 = "{시트이름 입력}", "", C30) -> 1.가입 | D46: ='1.가입'!$X$668 | E46: ='1.가입'!$X$669 | F46: ='1.가입'!$X$672 -> 0 | G46: ='1.가입'!$X$673 -> 0 | H46: ='1.가입'!$X$674 -> 296 | I46: ='1.가입'!$X$675 -> 0 | J46: ='1.가입'!$X$676 -> 0 | K46: ='1.가입'!$X$677 -> 0 | L46: ='1.가입'!$X$678 -> 0 | M46: ='1.가입'!$X$679 -> 296
C47: =IF(C30 = "{시트이름 입력}", "", C30) -> 1.가입 | D47: ='1.가입'!$Y$668 | E47: ='1.가입'!$Y$669 | F47: ='1.가입'!$Y$672 -> 0 | G47: ='1.가입'!$Y$673 -> 0 | H47: ='1.가입'!$Y$674 -> 296 | I47: ='1.가입'!$Y$675 -> 0 | J47: ='1.가입'!$Y$676 -> 0 | K47: ='1.가입'!$Y$677 -> 0 | L47: ='1.가입'!$Y$678 -> 0 | M47: ='1.가입'!$Y$679 -> 296
C48: =IF(C30 = "{시트이름 입력}", "", C30) -> 1.가입 | D48: ='1.가입'!$Z$668 | E48: ='1.가입'!$Z$669 | F48: ='1.가입'!$Z$672 -> 0 | G48: ='1.가입'!$Z$673 -> 0 | H48: ='1.가입'!$Z$674 -> 296 | I48: ='1.가입'!$Z$675 -> 0 | J48: ='1.가입'!$Z$676 -> 0 | K48: ='1.가입'!$Z$677 -> 0 | L48: ='1.가입'!$Z$678 -> 0 | M48: ='1.가입'!$Z$679 -> 296
C49: =IF(C30 = "{시트이름 입력}", "", C30) -> 1.가입 | D49: ='1.가입'!$AA$668 | E49: ='1.가입'!$AA$669 | F49: ='1.가입'!$AA$672 -> 0 | G49: ='1.가입'!$AA$673 -> 0 | H49: ='1.가입'!$AA$674 -> 296 | I49: ='1.가입'!$AA$675 -> 0 | J49: ='1.가입'!$AA$676 -> 0 | K49: ='1.가입'!$AA$677 -> 0 | L49: ='1.가입'!$AA$678 -> 0 | M49: ='1.가입'!$AA$679 -> 296
B50: 2 | C50: 2.친구 | D50: ='2.친구'!$H$190 -> 6 | E50: ='2.친구'!$H$191 -> a16 | F50: ='2.친구'!$H$194 -> 0 | G50: ='2.친구'!$H$195 -> 0 | H50: ='2.친구'!$H$196 -> 112 | I50: ='2.친구'!$H$197 -> 0 | J50: ='2.친구'!$H$198 -> 0 | K50: ='2.친구'!$H$199 -> 0 | L50: ='2.친구'!$H$200 -> 0 | M50: ='2.친구'!$H$201 -> 112 | N50: {=INDIRECT("'" & C50 & "'!$AG$1")} -> 4
C51: =IF(C50 = "{시트이름 입력}", "", C50) -> 2.친구 | D51: ='2.친구'!$I$190 -> 6 | E51: ='2.친구'!$I$191 -> i18 | F51: ='2.친구'!$I$194 -> 0 | G51: ='2.친구'!$I$195 -> 0 | H51: ='2.친구'!$I$196 -> 112 | I51: ='2.친구'!$I$197 -> 0 | J51: ='2.친구'!$I$198 -> 0 | K51: ='2.친구'!$I$199 -> 0 | L51: ='2.친구'!$I$200 -> 0 | M51: ='2.친구'!$I$201 -> 112
C52: =IF(C50 = "{시트이름 입력}", "", C50) -> 2.친구 | D52: ='2.친구'!$J$190 | E52: ='2.친구'!$J$191 | F52: ='2.친구'!$J$194 | G52: ='2.친구'!$J$195 | H52: ='2.친구'!$J$196 | I52: ='2.친구'!$J$197 | J52: ='2.친구'!$J$198 | K52: ='2.친구'!$J$199 | L52: ='2.친구'!$J$200 | M52: ='2.친구'!$J$201
C53: =IF(C50 = "{시트이름 입력}", "", C50) -> 2.친구 | D53: ='2.친구'!$K$190 | E53: ='2.친구'!$K$191 | F53: ='2.친구'!$K$194 | G53: ='2.친구'!$K$195 | H53: ='2.친구'!$K$196 | I53: ='2.친구'!$K$197 | J53: ='2.친구'!$K$198 | K53: ='2.친구'!$K$199 | L53: ='2.친구'!$K$200 | M53: ='2.친구'!$K$201
C54: =IF(C50 = "{시트이름 입력}", "", C50) -> 2.친구 | D54: ='2.친구'!$L$190 | E54: ='2.친구'!$L$191 | F54: ='2.친구'!$L$194 -> 0 | G54: ='2.친구'!$L$195 -> 0 | H54: ='2.친구'!$L$196 -> 112 | I54: ='2.친구'!$L$197 -> 0 | J54: ='2.친구'!$L$198 -> 0 | K54: ='2.친구'!$L$199 -> 0 | L54: ='2.친구'!$L$200 -> 0 | M54: ='2.친구'!$L$201 -> 112
C55: =IF(C50 = "{시트이름 입력}", "", C50) -> 2.친구 | D55: ='2.친구'!$M$190 | E55: ='2.친구'!$M$191 | F55: ='2.친구'!$M$194 -> 0 | G55: ='2.친구'!$M$195 -> 0 | H55: ='2.친구'!$M$196 -> 112 | I55: ='2.친구'!$M$197 -> 0 | J55: ='2.친구'!$M$198 -> 0 | K55: ='2.친구'!$M$199 -> 0 | L55: ='2.친구'!$M$200 -> 0 | M55: ='2.친구'!$M$201 -> 112
C56: =IF(C50 = "{시트이름 입력}", "", C50) -> 2.친구 | D56: ='2.친구'!$N$190 | E56: ='2.친구'!$N$191 | F56: ='2.친구'!$N$194 -> 0 | G56: ='2.친구'!$N$195 -> 0 | H56: ='2.친구'!$N$196 -> 112 | I56: ='2.친구'!$N$197 -> 0 | J56: ='2.친구'!$N$198 -> 0 | K56: ='2.친구'!$N$199 -> 0 | L56: ='2.친구'!$N$200 -> 0 | M56: ='2.친구'!$N$201 -> 112
C57: =IF(C50 = "{시트이름 입력}", "", C50) -> 2.친구 | D57: ='2.친구'!$O$190 | E57: ='2.친구'!$O$191 | F57: ='2.친구'!$O$194 -> 0 | G57: ='2.친구'!$O$195 -> 0 | H57: ='2.친구'!$O$196 -> 112 | I57: ='2.친구'!$O$197 -> 0 | J57: ='2.친구'!$O$198 -> 0 | K57: ='2.친구'!$O$199 -> 0 | L57: ='2.친구'!$O$200 -> 0 | M57: ='2.친구'!$O$201 -> 112
C58: =IF(C50 = "{시트이름 입력}", "", C50) -> 2.친구 | D58: ='2.친구'!$P$190 | E58: ='2.친구'!$P$191 | F58: ='2.친구'!$P$194 -> 0 | G58: ='2.친구'!$P$195 -> 0 | H58: ='2.친구'!$P$196 -> 112 | I58: ='2.친구'!$P$197 -> 0 | J58: ='2.친구'!$P$198 -> 0 | K58: ='2.친구'!$P$199 -> 0 | L58: ='2.친구'!$P$200 -> 0 | M58: ='2.친구'!$P$201 -> 112
C59: =IF(C50 = "{시트이름 입력}", "", C50) -> 2.친구 | D59: ='2.친구'!$Q$190 | E59: ='2.친구'!$Q$191 | F59: ='2.친구'!$Q$194 -> 0 | G59: ='2.친구'!$Q$195 -> 0 | H59: ='2.친구'!$Q$196 -> 112 | I59: ='2.친구'!$Q$197 -> 0 | J59: ='2.친구'!$Q$198 -> 0 | K59: ='2.친구'!$Q$199 -> 0 | L59: ='2.친구'!$Q$200 -> 0 | M59: ='2.친구'!$Q$201 -> 112
C60: =IF(C50 = "{시트이름 입력}", "", C50) -> 2.친구 | D60: ='2.친구'!$R$190 | E60: ='2.친구'!$R$191 | F60: ='2.친구'!$R$194 -> 0 | G60: ='2.친구'!$R$195 -> 0 | H60: ='2.친구'!$R$196 -> 112 | I60: ='2.친구'!$R$197 -> 0 | J60: ='2.친구'!$R$198 -> 0 | K60: ='2.친구'!$R$199 -> 0 | L60: ='2.친구'!$R$200 -> 0 | M60: ='2.친구'!$R$201 -> 112
C61: =IF(C50 = "{시트이름 입력}", "", C50) -> 2.친구 | D61: ='2.친구'!$S$190 | E61: ='2.친구'!$S$191 | F61: ='2.친구'!$S$194 -> 0 | G61: ='2.친구'!$S$195 -> 0 | H61: ='2.친구'!$S$196 -> 112 | I61: ='2.친구'!$S$197 -> 0 | J61: ='2.친구'!$S$198 -> 0 | K61: ='2.친구'!$S$199 -> 0 | L61: ='2.친구'!$S$200 -> 0 | M61: ='2.친구'!$S$201 -> 112
C62: =IF(C50 = "{시트이름 입력}", "", C50) -> 2.친구 | D62: ='2.친구'!$T$190 | E62: ='2.친구'!$T$191 | F62: ='2.친구'!$T$194 -> 0 | G62: ='2.친구'!$T$195 -> 0 | H62: ='2.친구'!$T$196 -> 112 | I62: ='2.친구'!$T$197 -> 0 | J62: ='2.친구'!$T$198 -> 0 | K62: ='2.친구'!$T$199 -> 0 | L62: ='2.친구'!$T$200 -> 0 | M62: ='2.친구'!$T$201 -> 112
C63: =IF(C50 = "{시트이름 입력}", "", C50) -> 2.친구 | D63: ='2.친구'!$U$190 | E63: ='2.친구'!$U$191 | F63: ='2.친구'!$U$194 -> 0 | G63: ='2.친구'!$U$195 -> 0 | H63: ='2.친구'!$U$196 -> 112 | I63: ='2.친구'!$U$197 -> 0 | J63: ='2.친구'!$U$198 -> 0 | K63: ='2.친구'!$U$199 -> 0 | L63: ='2.친구'!$U$200 -> 0 | M63: ='2.친구'!$U$201 -> 112
C64: =IF(C50 = "{시트이름 입력}", "", C50) -> 2.친구 | D64: ='2.친구'!$V$190 | E64: ='2.친구'!$V$191 | F64: ='2.친구'!$V$194 -> 0 | G64: ='2.친구'!$V$195 -> 0 | H64: ='2.친구'!$V$196 -> 112 | I64: ='2.친구'!$V$197 -> 0 | J64: ='2.친구'!$V$198 -> 0 | K64: ='2.친구'!$V$199 -> 0 | L64: ='2.친구'!$V$200 -> 0 | M64: ='2.친구'!$V$201 -> 112
C65: =IF(C50 = "{시트이름 입력}", "", C50) -> 2.친구 | D65: ='2.친구'!$W$190 | E65: ='2.친구'!$W$191 | F65: ='2.친구'!$W$194 -> 0 | G65: ='2.친구'!$W$195 -> 0 | H65: ='2.친구'!$W$196 -> 112 | I65: ='2.친구'!$W$197 -> 0 | J65: ='2.친구'!$W$198 -> 0 | K65: ='2.친구'!$W$199 -> 0 | L65: ='2.친구'!$W$200 -> 0 | M65: ='2.친구'!$W$201 -> 112
C66: =IF(C50 = "{시트이름 입력}", "", C50) -> 2.친구 | D66: ='2.친구'!$X$190 | E66: ='2.친구'!$X$191 | F66: ='2.친구'!$X$194 -> 0 | G66: ='2.친구'!$X$195 -> 0 | H66: ='2.친구'!$X$196 -> 112 | I66: ='2.친구'!$X$197 -> 0 | J66: ='2.친구'!$X$198 -> 0 | K66: ='2.친구'!$X$199 -> 0 | L66: ='2.친구'!$X$200 -> 0 | M66: ='2.친구'!$X$201 -> 112
C67: =IF(C50 = "{시트이름 입력}", "", C50) -> 2.친구 | D67: ='2.친구'!$Y$190 | E67: ='2.친구'!$Y$191 | F67: ='2.친구'!$Y$194 -> 0 | G67: ='2.친구'!$Y$195 -> 0 | H67: ='2.친구'!$Y$196 -> 112 | I67: ='2.친구'!$Y$197 -> 0 | J67: ='2.친구'!$Y$198 -> 0 | K67: ='2.친구'!$Y$199 -> 0 | L67: ='2.친구'!$Y$200 -> 0 | M67: ='2.친구'!$Y$201 -> 112
C68: =IF(C50 = "{시트이름 입력}", "", C50) -> 2.친구 | D68: ='2.친구'!$Z$190 | E68: ='2.친구'!$Z$191 | F68: ='2.친구'!$Z$194 -> 0 | G68: ='2.친구'!$Z$195 -> 0 | H68: ='2.친구'!$Z$196 -> 112 | I68: ='2.친구'!$Z$197 -> 0 | J68: ='2.친구'!$Z$198 -> 0 | K68: ='2.친구'!$Z$199 -> 0 | L68: ='2.친구'!$Z$200 -> 0 | M68: ='2.친구'!$Z$201 -> 112
C69: =IF(C50 = "{시트이름 입력}", "", C50) -> 2.친구 | D69: ='2.친구'!$AA$190 | E69: ='2.친구'!$AA$191 | F69: ='2.친구'!$AA$194 -> 0 | G69: ='2.친구'!$AA$195 -> 0 | H69: ='2.친구'!$AA$196 -> 112 | I69: ='2.친구'!$AA$197 -> 0 | J69: ='2.친구'!$AA$198 -> 0 | K69: ='2.친구'!$AA$199 -> 0 | L69: ='2.친구'!$AA$200 -> 0 | M69: ='2.친구'!$AA$201 -> 112
B70: 3 | C70: 3.프로필 | D70: ='3.프로필'!$H$375 -> 6 | E70: ='3.프로필'!$H$376 -> a16 | F70: ='3.프로필'!$H$379 -> 0 | G70: ='3.프로필'!$H$380 -> 0 | H70: ='3.프로필'!$H$381 -> 114 | I70: ='3.프로필'!$H$382 -> 0 | J70: ='3.프로필'!$H$383 -> 0 | K70: ='3.프로필'!$H$384 -> 0 | L70: ='3.프로필'!$H$385 -> 0 | M70: ='3.프로필'!$H$386 -> 114 | N70: {=INDIRECT("'" & C70 & "'!$AG$1")} -> 0
C71: =IF(C70 = "{시트이름 입력}", "", C70) -> 3.프로필 | D71: ='3.프로필'!$I$375 -> 6 | E71: ='3.프로필'!$I$376 -> i18 | F71: ='3.프로필'!$I$379 -> 0 | G71: ='3.프로필'!$I$380 -> 0 | H71: ='3.프로필'!$I$381 -> 114 | I71: ='3.프로필'!$I$382 -> 0 | J71: ='3.프로필'!$I$383 -> 0 | K71: ='3.프로필'!$I$384 -> 0 | L71: ='3.프로필'!$I$385 -> 0 | M71: ='3.프로필'!$I$386 -> 114
C72: =IF(C70 = "{시트이름 입력}", "", C70) -> 3.프로필 | D72: ='3.프로필'!$J$375 | E72: ='3.프로필'!$J$376 | F72: ='3.프로필'!$J$379 | G72: ='3.프로필'!$J$380 | H72: ='3.프로필'!$J$381 | I72: ='3.프로필'!$J$382 | J72: ='3.프로필'!$J$383 | K72: ='3.프로필'!$J$384 | L72: ='3.프로필'!$J$385 | M72: ='3.프로필'!$J$386
C73: =IF(C70 = "{시트이름 입력}", "", C70) -> 3.프로필 | D73: ='3.프로필'!$K$375 | E73: ='3.프로필'!$K$376 | F73: ='3.프로필'!$K$379 | G73: ='3.프로필'!$K$380 | H73: ='3.프로필'!$K$381 | I73: ='3.프로필'!$K$382 | J73: ='3.프로필'!$K$383 | K73: ='3.프로필'!$K$384 | L73: ='3.프로필'!$K$385 | M73: ='3.프로필'!$K$386
C74: =IF(C70 = "{시트이름 입력}", "", C70) -> 3.프로필 | D74: ='3.프로필'!$L$375 | E74: ='3.프로필'!$L$376 | F74: ='3.프로필'!$L$379 -> 0 | G74: ='3.프로필'!$L$380 -> 0 | H74: ='3.프로필'!$L$381 -> 114 | I74: ='3.프로필'!$L$382 -> 0 | J74: ='3.프로필'!$L$383 -> 0 | K74: ='3.프로필'!$L$384 -> 0 | L74: ='3.프로필'!$L$385 -> 0 | M74: ='3.프로필'!$L$386 -> 114
C75: =IF(C70 = "{시트이름 입력}", "", C70) -> 3.프로필 | D75: ='3.프로필'!$M$375 | E75: ='3.프로필'!$M$376 | F75: ='3.프로필'!$M$379 -> 0 | G75: ='3.프로필'!$M$380 -> 0 | H75: ='3.프로필'!$M$381 -> 114 | I75: ='3.프로필'!$M$382 -> 0 | J75: ='3.프로필'!$M$383 -> 0 | K75: ='3.프로필'!$M$384 -> 0 | L75: ='3.프로필'!$M$385 -> 0 | M75: ='3.프로필'!$M$386 -> 114
C76: =IF(C70 = "{시트이름 입력}", "", C70) -> 3.프로필 | D76: ='3.프로필'!$N$375 | E76: ='3.프로필'!$N$376 | F76: ='3.프로필'!$N$379 -> 0 | G76: ='3.프로필'!$N$380 -> 0 | H76: ='3.프로필'!$N$381 -> 114 | I76: ='3.프로필'!$N$382 -> 0 | J76: ='3.프로필'!$N$383 -> 0 | K76: ='3.프로필'!$N$384 -> 0 | L76: ='3.프로필'!$N$385 -> 0 | M76: ='3.프로필'!$N$386 -> 114
C77: =IF(C70 = "{시트이름 입력}", "", C70) -> 3.프로필 | D77: ='3.프로필'!$O$375 | E77: ='3.프로필'!$O$376 | F77: ='3.프로필'!$O$379 -> 0 | G77: ='3.프로필'!$O$380 -> 0 | H77: ='3.프로필'!$O$381 -> 114 | I77: ='3.프로필'!$O$382 -> 0 | J77: ='3.프로필'!$O$383 -> 0 | K77: ='3.프로필'!$O$384 -> 0 | L77: ='3.프로필'!$O$385 -> 0 | M77: ='3.프로필'!$O$386 -> 114
C78: =IF(C70 = "{시트이름 입력}", "", C70) -> 3.프로필 | D78: ='3.프로필'!$P$375 | E78: ='3.프로필'!$P$376 | F78: ='3.프로필'!$P$379 -> 0 | G78: ='3.프로필'!$P$380 -> 0 | H78: ='3.프로필'!$P$381 -> 114 | I78: ='3.프로필'!$P$382 -> 0 | J78: ='3.프로필'!$P$383 -> 0 | K78: ='3.프로필'!$P$384 -> 0 | L78: ='3.프로필'!$P$385 -> 0 | M78: ='3.프로필'!$P$386 -> 114
C79: =IF(C70 = "{시트이름 입력}", "", C70) -> 3.프로필 | D79: ='3.프로필'!$Q$375 | E79: ='3.프로필'!$Q$376 | F79: ='3.프로필'!$Q$379 -> 0 | G79: ='3.프로필'!$Q$380 -> 0 | H79: ='3.프로필'!$Q$381 -> 114 | I79: ='3.프로필'!$Q$382 -> 0 | J79: ='3.프로필'!$Q$383 -> 0 | K79: ='3.프로필'!$Q$384 -> 0 | L79: ='3.프로필'!$Q$385 -> 0 | M79: ='3.프로필'!$Q$386 -> 114
C80: =IF(C70 = "{시트이름 입력}", "", C70) -> 3.프로필 | D80: ='3.프로필'!$R$375 | E80: ='3.프로필'!$R$376 | F80: ='3.프로필'!$R$379 -> 0 | G80: ='3.프로필'!$R$380 -> 0 | H80: ='3.프로필'!$R$381 -> 114 | I80: ='3.프로필'!$R$382 -> 0 | J80: ='3.프로필'!$R$383 -> 0 | K80: ='3.프로필'!$R$384 -> 0 | L80: ='3.프로필'!$R$385 -> 0 | M80: ='3.프로필'!$R$386 -> 114
C81: =IF(C70 = "{시트이름 입력}", "", C70) -> 3.프로필 | D81: ='3.프로필'!$S$375 | E81: ='3.프로필'!$S$376 | F81: ='3.프로필'!$S$379 -> 0 | G81: ='3.프로필'!$S$380 -> 0 | H81: ='3.프로필'!$S$381 -> 114 | I81: ='3.프로필'!$S$382 -> 0 | J81: ='3.프로필'!$S$383 -> 0 | K81: ='3.프로필'!$S$384 -> 0 | L81: ='3.프로필'!$S$385 -> 0 | M81: ='3.프로필'!$S$386 -> 114
C82: =IF(C70 = "{시트이름 입력}", "", C70) -> 3.프로필 | D82: ='3.프로필'!$T$375 | E82: ='3.프로필'!$T$376 | F82: ='3.프로필'!$T$379 -> 0 | G82: ='3.프로필'!$T$380 -> 0 | H82: ='3.프로필'!$T$381 -> 114 | I82: ='3.프로필'!$T$382 -> 0 | J82: ='3.프로필'!$T$383 -> 0 | K82: ='3.프로필'!$T$384 -> 0 | L82: ='3.프로필'!$T$385 -> 0 | M82: ='3.프로필'!$T$386 -> 114
C83: =IF(C70 = "{시트이름 입력}", "", C70) -> 3.프로필 | D83: ='3.프로필'!$U$375 | E83: ='3.프로필'!$U$376 | F83: ='3.프로필'!$U$379 -> 0 | G83: ='3.프로필'!$U$380 -> 0 | H83: ='3.프로필'!$U$381 -> 114 | I83: ='3.프로필'!$U$382 -> 0 | J83: ='3.프로필'!$U$383 -> 0 | K83: ='3.프로필'!$U$384 -> 0 | L83: ='3.프로필'!$U$385 -> 0 | M83: ='3.프로필'!$U$386 -> 114
C84: =IF(C70 = "{시트이름 입력}", "", C70) -> 3.프로필 | D84: ='3.프로필'!$V$375 | E84: ='3.프로필'!$V$376 | F84: ='3.프로필'!$V$379 -> 0 | G84: ='3.프로필'!$V$380 -> 0 | H84: ='3.프로필'!$V$381 -> 114 | I84: ='3.프로필'!$V$382 -> 0 | J84: ='3.프로필'!$V$383 -> 0 | K84: ='3.프로필'!$V$384 -> 0 | L84: ='3.프로필'!$V$385 -> 0 | M84: ='3.프로필'!$V$386 -> 114
C85: =IF(C70 = "{시트이름 입력}", "", C70) -> 3.프로필 | D85: ='3.프로필'!$W$375 | E85: ='3.프로필'!$W$376 | F85: ='3.프로필'!$W$379 -> 0 | G85: ='3.프로필'!$W$380 -> 0 | H85: ='3.프로필'!$W$381 -> 114 | I85: ='3.프로필'!$W$382 -> 0 | J85: ='3.프로필'!$W$383 -> 0 | K85: ='3.프로필'!$W$384 -> 0 | L85: ='3.프로필'!$W$385 -> 0 | M85: ='3.프로필'!$W$386 -> 114
C86: =IF(C70 = "{시트이름 입력}", "", C70) -> 3.프로필 | D86: ='3.프로필'!$X$375 | E86: ='3.프로필'!$X$376 | F86: ='3.프로필'!$X$379 -> 0 | G86: ='3.프로필'!$X$380 -> 0 | H86: ='3.프로필'!$X$381 -> 114 | I86: ='3.프로필'!$X$382 -> 0 | J86: ='3.프로필'!$X$383 -> 0 | K86: ='3.프로필'!$X$384 -> 0 | L86: ='3.프로필'!$X$385 -> 0 | M86: ='3.프로필'!$X$386 -> 114
C87: =IF(C70 = "{시트이름 입력}", "", C70) -> 3.프로필 | D87: ='3.프로필'!$Y$375 | E87: ='3.프로필'!$Y$376 | F87: ='3.프로필'!$Y$379 -> 0 | G87: ='3.프로필'!$Y$380 -> 0 | H87: ='3.프로필'!$Y$381 -> 114 | I87: ='3.프로필'!$Y$382 -> 0 | J87: ='3.프로필'!$Y$383 -> 0 | K87: ='3.프로필'!$Y$384 -> 0 | L87: ='3.프로필'!$Y$385 -> 0 | M87: ='3.프로필'!$Y$386 -> 114
C88: =IF(C70 = "{시트이름 입력}", "", C70) -> 3.프로필 | D88: ='3.프로필'!$Z$375 | E88: ='3.프로필'!$Z$376 | F88: ='3.프로필'!$Z$379 -> 0 | G88: ='3.프로필'!$Z$380 -> 0 | H88: ='3.프로필'!$Z$381 -> 114 | I88: ='3.프로필'!$Z$382 -> 0 | J88: ='3.프로필'!$Z$383 -> 0 | K88: ='3.프로필'!$Z$384 -> 0 | L88: ='3.프로필'!$Z$385 -> 0 | M88: ='3.프로필'!$Z$386 -> 114
C89: =IF(C70 = "{시트이름 입력}", "", C70) -> 3.프로필 | D89: ='3.프로필'!$AA$375 | E89: ='3.프로필'!$AA$376 | F89: ='3.프로필'!$AA$379 -> 0 | G89: ='3.프로필'!$AA$380 -> 0 | H89: ='3.프로필'!$AA$381 -> 114 | I89: ='3.프로필'!$AA$382 -> 0 | J89: ='3.프로필'!$AA$383 -> 0 | K89: ='3.프로필'!$AA$384 -> 0 | L89: ='3.프로필'!$AA$385 -> 0 | M89: ='3.프로필'!$AA$386 -> 114
B90: 4 | C90: 4.채팅목록 | D90: ='4.채팅목록'!$H$444 -> 6 | E90: ='4.채팅목록'!$H$445 -> a16 | F90: ='4.채팅목록'!$H$448 -> 0 | G90: ='4.채팅목록'!$H$449 -> 0 | H90: ='4.채팅목록'!$H$450 -> 64 | I90: ='4.채팅목록'!$H$451 -> 0 | J90: ='4.채팅목록'!$H$452 -> 0 | K90: ='4.채팅목록'!$H$453 -> 0 | L90: ='4.채팅목록'!$H$454 -> 0 | M90: ='4.채팅목록'!$H$455 -> 64 | N90: {=INDIRECT("'" & C90 & "'!$AG$1")} -> 0
C91: =IF(C90 = "{시트이름 입력}", "", C90) -> 4.채팅목록 | D91: ='4.채팅목록'!$I$444 -> 6 | E91: ='4.채팅목록'!$I$445 -> i18 | F91: ='4.채팅목록'!$I$448 -> 0 | G91: ='4.채팅목록'!$I$449 -> 0 | H91: ='4.채팅목록'!$I$450 -> 64 | I91: ='4.채팅목록'!$I$451 -> 0 | J91: ='4.채팅목록'!$I$452 -> 0 | K91: ='4.채팅목록'!$I$453 -> 0 | L91: ='4.채팅목록'!$I$454 -> 0 | M91: ='4.채팅목록'!$I$455 -> 64
C92: =IF(C90 = "{시트이름 입력}", "", C90) -> 4.채팅목록 | D92: ='4.채팅목록'!$J$444 | E92: ='4.채팅목록'!$J$445 | F92: ='4.채팅목록'!$J$448 | G92: ='4.채팅목록'!$J$449 | H92: ='4.채팅목록'!$J$450 | I92: ='4.채팅목록'!$J$451 | J92: ='4.채팅목록'!$J$452 | K92: ='4.채팅목록'!$J$453 | L92: ='4.채팅목록'!$J$454 | M92: ='4.채팅목록'!$J$455
C93: =IF(C90 = "{시트이름 입력}", "", C90) -> 4.채팅목록 | D93: ='4.채팅목록'!$K$444 | E93: ='4.채팅목록'!$K$445 | F93: ='4.채팅목록'!$K$448 | G93: ='4.채팅목록'!$K$449 | H93: ='4.채팅목록'!$K$450 | I93: ='4.채팅목록'!$K$451 | J93: ='4.채팅목록'!$K$452 | K93: ='4.채팅목록'!$K$453 | L93: ='4.채팅목록'!$K$454 | M93: ='4.채팅목록'!$K$455
C94: =IF(C90 = "{시트이름 입력}", "", C90) -> 4.채팅목록 | D94: ='4.채팅목록'!$L$444 | E94: ='4.채팅목록'!$L$445 | F94: ='4.채팅목록'!$L$448 -> 0 | G94: ='4.채팅목록'!$L$449 -> 0 | H94: ='4.채팅목록'!$L$450 -> 66 | I94: ='4.채팅목록'!$L$451 -> 0 | J94: ='4.채팅목록'!$L$452 -> 0 | K94: ='4.채팅목록'!$L$453 -> 0 | L94: ='4.채팅목록'!$L$454 -> 0 | M94: ='4.채팅목록'!$L$455 -> 0
C95: =IF(C90 = "{시트이름 입력}", "", C90) -> 4.채팅목록 | D95: ='4.채팅목록'!$M$444 | E95: ='4.채팅목록'!$M$445 | F95: ='4.채팅목록'!$M$448 -> 0 | G95: ='4.채팅목록'!$M$449 -> 0 | H95: ='4.채팅목록'!$M$450 -> 66 | I95: ='4.채팅목록'!$M$451 -> 0 | J95: ='4.채팅목록'!$M$452 -> 0 | K95: ='4.채팅목록'!$M$453 -> 0 | L95: ='4.채팅목록'!$M$454 -> 0 | M95: ='4.채팅목록'!$M$455 -> 0
C96: =IF(C90 = "{시트이름 입력}", "", C90) -> 4.채팅목록 | D96: ='4.채팅목록'!$N$444 | E96: ='4.채팅목록'!$N$445 | F96: ='4.채팅목록'!$N$448 -> 0 | G96: ='4.채팅목록'!$N$449 -> 0 | H96: ='4.채팅목록'!$N$450 -> 66 | I96: ='4.채팅목록'!$N$451 -> 0 | J96: ='4.채팅목록'!$N$452 -> 0 | K96: ='4.채팅목록'!$N$453 -> 0 | L96: ='4.채팅목록'!$N$454 -> 0 | M96: ='4.채팅목록'!$N$455 -> 0
C97: =IF(C90 = "{시트이름 입력}", "", C90) -> 4.채팅목록 | D97: ='4.채팅목록'!$O$444 | E97: ='4.채팅목록'!$O$445 | F97: ='4.채팅목록'!$O$448 -> 0 | G97: ='4.채팅목록'!$O$449 -> 0 | H97: ='4.채팅목록'!$O$450 -> 66 | I97: ='4.채팅목록'!$O$451 -> 0 | J97: ='4.채팅목록'!$O$452 -> 0 | K97: ='4.채팅목록'!$O$453 -> 0 | L97: ='4.채팅목록'!$O$454 -> 0 | M97: ='4.채팅목록'!$O$455 -> 0
C98: =IF(C90 = "{시트이름 입력}", "", C90) -> 4.채팅목록 | D98: ='4.채팅목록'!$P$444 | E98: ='4.채팅목록'!$P$445 | F98: ='4.채팅목록'!$P$448 -> 0 | G98: ='4.채팅목록'!$P$449 -> 0 | H98: ='4.채팅목록'!$P$450 -> 66 | I98: ='4.채팅목록'!$P$451 -> 0 | J98: ='4.채팅목록'!$P$452 -> 0 | K98: ='4.채팅목록'!$P$453 -> 0 | L98: ='4.채팅목록'!$P$454 -> 0 | M98: ='4.채팅목록'!$P$455 -> 0
C99: =IF(C90 = "{시트이름 입력}", "", C90) -> 4.채팅목록 | D99: ='4.채팅목록'!$Q$444 | E99: ='4.채팅목록'!$Q$445 | F99: ='4.채팅목록'!$Q$448 -> 0 | G99: ='4.채팅목록'!$Q$449 -> 0 | H99: ='4.채팅목록'!$Q$450 -> 66 | I99: ='4.채팅목록'!$Q$451 -> 0 | J99: ='4.채팅목록'!$Q$452 -> 0 | K99: ='4.채팅목록'!$Q$453 -> 0 | L99: ='4.채팅목록'!$Q$454 -> 0 | M99: ='4.채팅목록'!$Q$455 -> 0
C100: =IF(C90 = "{시트이름 입력}", "", C90) -> 4.채팅목록 | D100: ='4.채팅목록'!$R$444 | E100: ='4.채팅목록'!$R$445 | F100: ='4.채팅목록'!$R$448 -> 0 | G100: ='4.채팅목록'!$R$449 -> 0 | H100: ='4.채팅목록'!$R$450 -> 66 | I100: ='4.채팅목록'!$R$451 -> 0 | J100: ='4.채팅목록'!$R$452 -> 0 | K100: ='4.채팅목록'!$R$453 -> 0 | L100: ='4.채팅목록'!$R$454 -> 0 | M100: ='4.채팅목록'!$R$455 -> 0
...

Sheet 1.가입
G1: P(우선순위)1수행 * Regression 테스트 중 가입 이슈 발생시 moz로 어싸인 부탁드립니다. | AG1: =COUNTIF(AG5:AG686, "?*") -> 0
A2: 분류1 | B2: 분류2 | C2: 분류3 | D2: 분류4 (기능) | E2: 사전 조건 | F2: Test Step (체크할 항목) | G2: 기대결과 | H2: 6 | I2: 6 | AB2: 분류 | AE2: Comment & Jira | AF2: Spec & Tip | AG2: TC Review | AH2: Memo
H3: =IF(COUNTIF('리그레션 플랜'!C12:D12, "a15"), "a15", IF(COUNTIF('리그레션 플랜'!C12:D12, "a16"), "a16", "")) -> a16 | I3: =IF(COUNTIF('리그레션 플랜'!C12:D12, "i18"), "i18", IF(COUNTIF('리그레션 플랜'!C12:D12, "i26"), "i26", "")) -> i18 | AB3: =COUNTIF($AB5:$AB665, "<=" & MAX('입력값'!$L$3:$L686)) -> 296 | AD3: v26.4.0 | AE3: 작성 : TE | 관리 : TE/QA | AF3: 작성 : TE & QA | 관리 : QA | AG3: 작성 : TE | 관리 : QA | AH3: 작성 : anyone | 관리 : 작성자
AB4: P | AC4: C | AD4: V | AE4: 수행중 발견한 버그의 링크. 닫힘 확인한 사람이 삭제. | AF4: 스펙 및 테스트팁 | AG4: TE가 TC 수정 요청 및 문의, QA가 반영 완료 후 삭제 | AH4: 테스트 진행 중 필요한 메모 입력
A5: 가입 | H5: - | AB5: -
A6: 앱 설치 후 최초 실행 | B6: iOS Only | AB6: - | AC6: app | AD6: v25.2.0
A7: 알림 권한 허용 요청 | H7: - | I7: - | AB7: - | AC7: I | AD7: v25.2.0
B8: 알림 권한 허용 요청 팝업 표시 확인 | E8: 최초 설치 | F8: 앱 설치 후 최초 실행 | G8: 카카오톡 시작화면 내 팝업이 표시된다. ---------- '카카오톡'에서 알림을 보내고자 합니다. 경고, 사운드 및 아이콘 배지가 알림에 포함될 수 있습니다. 설정에서 이를 구성할 수 있습니다. 허용 안함 , 허용 | H8: n | AB8: 1 | AC8: I | AD8: v25.2.0
B9: 알림 권한 설정 확인 | H9: - | AB9: - | AC9: I | AD9: v25.2.0
C10: 권한 허용 안함 | F10: 팝업에서 "허용 안함" 선택 후 권한 확인 | G10: 디바이스 설정 - 알림 - 카카오톡 알림 허용 확인 시 Off로 설정 | H10: n | T10: 1 | AB10: 1 | AC10: I | AD10: v25.2.0
C11: 권한 허용 | F11: 팝업에서 "허용" 선택 후 권한 확인 | G11: 설정 - 알림 - 카카오톡 알림 허용 확인 시 On으로 설정 | H11: n | AB11: 1 | AC11: I | AD11: v25.2.0
A12: 로그인 화면(LOGIN) | AB12: - | AC12: app | AD12: v25.2.0
A13: (참고) 화면 내 컴포넌트 | F13: 문구 저장 위치 | G13: 문구 | AB13: - | AC13: app | AD13: v25.2.0
A14: 디스크립션 | F14: 클라 문구 | G14: 카카오톡을 시작합니다. | H14: - | I14: - | AB14: - | AC14: app | AD14: _x0008_v25.2.0 | AF14: (moz 25/3) Android 디스크립션, 문구 차이 존재, 추후 가입단계 flow변경 시 정리
F15: 클라 문구 | G15: (iOS Only) 사용하던 카카오계정이 있다면 이메일 또는 전화번호로 로그인해 주세요. | H15: - | I15: - | AB15: - | AC15: app | AD15: _x0008_v25.2.0 | AF15: iOS만 존재 문구 (moz) iOS/Android 통일되지 않음 - 추후개선시 체크
A16: 계정 입력 필드 | D16: 디폴트 문구 | F16: 클라 문구 | G16: 이메일 또는 전화번호 | H16: - | I16: - | AB16: - | AC16: app | AD16: _x0008_v25.2.0
A17: 비밀번호 입력 필드 | D17: 디폴트 문구 | F17: 클라 문구 | G17: 비밀번호 | H17: - | I17: - | AB17: - | AC17: app | AD17: _x0008_v25.2.0
A18: 로그인 버튼 | F18: 클라 문구 | G18: Android - 로그인 iOS - 카카오계정 로그인 | H18: - | I18: - | AB18: - | AC18: app | AD18: _x0008_v25.2.0 | AF18: 버튼 문구는 카카오계정 로그인으로 개선 필요한것으로 추정 - 가입화면 개선시 노티예정
A19: 계정생성 버튼 | F19: 클라 문구 | G19: 새로운 카카오계정 만들기 | H19: - | I19: - | AB19: - | AC19: app | AD19: _x0008_v25.2.0
A20: 비밀번호 찾기 링크 | F20: 클라 문구 | G20: 카카오계정 또는 비밀번호 찾기 | H20: - | I20: - | AB20: - | AC20: app | AD20: _x0008_v25.2.0
A21: 로그인 화면 내 기능/로직 확인
A22: 로그인 제한 | H22: - | I22: - | AB22: - | AC22: app | AD22: _x0008_v25.2.0
B23: 인증뺏긴 전화번호 계정 로그인 제한 | E23: 인증뺏김 상태 전화번호 계정 상태에서 인증뺏김 상태 | F23: 1. 로그인 화면에서 사전조건의 계정 입력 후 [카카오계정 로그인] 버튼 클릭 | G23: 1. 팝업이 표시된다. : 카카오 계정 또는 비밀번호를 다시 확인해주세요. [확인] | AB23: 3 | AC23: app | AD23: _x0008_v25.2.0
A24: 국가 코드 자동 입력 | F24: * 전화번호 계정으로 시작 시 전화번호 인증 화면에서 국가코드를 KR으로 자동 입력 * 국가코드는 디바이스 언어 설정에 영향을 받으므로, 해당 설정보다 우선체크되는지 확인한다. | H24: - | I24: - | AB24: - | AC24: app | AD24: _x0008_v25.2.0
B25: 국가코드 설정 우선순위 확인 | E25: 언어설정 : 한국 외 | F25: 1. 로그인 화면에서 010번호로 로그인 2. 약관 동의 후 전화번호 입력 화면의 국가코드 확인 | G25: 2. 국가코드는 +82 로 선택되어 표시된다. | AB25: 3 | AC25: app | AD25: _x0008_v25.2.0
A26: 전화번호 계정 노멀라이즈 | H26: - | I26: - | AB26: - | AC26: app | AD26: _x0008_v25.2.0
B27: + 문자 노멀라이즈 처리 | E27: +82NNNNNNNNNNN | F27: 1. 전화번호 계정을 사전조건의 형태로 입력 후 로그인 시도 | G27: 1. 인증번호 입력단계로 이동된다. | AB27: 3 | AC27: app | AD27: _x0008_v25.2.0
B28: -처리 | E28: NNN-NNNN-NNNN | F28: 1. 전화번호 계정을 사전조건의 형태로 입력 후 로그인 시도 | G28: 1. 인증번호 입력단계로 이동된다. | AB28: 3 | AC28: app | AD28: _x0008_v25.2.0
B29: 스페이스 처리 | E29: NNN NNNN NNNN | F29: 1. 전화번호 계정을 사전조건의 형태로 입력 후 로그인 시도 | G29: 1. 인증번호 입력단계로 이동된다. | AB29: 3 | AC29: app | AD29: _x0008_v25.2.0
A30: 비밀번호 자리수 체크로직 | F30: * 비밀자리수는 4~32자리수로 체크한다. - 신규생성은 8자리 이상만 가능 - 기존계정은 4자리 이상가능하여 4~32자리 | H30: - | I30: - | AB30: - | AC30: app | AD30: _x0008_v25.2.0
B31: 비밀번호 자리수 제한 확인 | E31: 3자 입력 | F31: 1. 비밀번호 3자까지 입력 2. 비밀번호 4자까지 입력 3. 비밀번호 32자까지 입력 4. 비밀번호 32자 초과 입력 | G31: 1. [카카오계정 로그인] 버튼 비활성화 2. [카카오계정 로그인] 버튼 활성화된다. 3. 32자 비밀번호가 입력된다. 4. 32자 초과 자리수는 입력되지 않는다. | AB31: 1 | AC31: app | AD31: _x0008_v25.2.0 | AF31: Android [로그인] 노출 추후 가입화면 개선시 노티예정
E32: 4자 | F32: 1. 비밀번호 4자인 계정 입력 후 로그인 시도 | G32: 1. 로그인 시도가 처리되며, 약관 동의 화면으로 전환 | AB32: 3 | AC32: app | AD32: _x0008_v25.2.0
E33: 32자 | F33: 1. 비밀번호 32자인 계정 입력 후 로그인 시도 | G33: 1. 로그인 시도가 처리되며, 약관 동의 화면으로 전환 | AB33: 3 | AC33: app | AD33: _x0008_v25.2.0
A34: 계정 유효성 확인 | F34: * ID/PW 입력 상태 별 오류 팝업 확인 | H34: - | I34: - | AB34: - | AC34: app | AD34: _x0008_v25.2.0
B35: 모두 유효 | F35: * 모두 유효한 경우에는 팝업 미 발생 - 테스트 스킵 | H35: - | I35: - | AB35: - | AC35: app | AD35: _x0008_v25.2.0
B36: ID오입력 | E36: 존재하지 않는 계정 | F36: 1. 이메일 또는 전화번호 필드에 존재하지 않는 계정 입력 후 [카카오계정 로그인] 버튼 클릭 2. [확인] 버튼 클릭 | G36: 1. 팝업이 발생된다. : 카카오계정 또는 비밀번호를 다시 확인해 주세요.[확인] 2. 팝업이 닫힌다. | AB36: 1 | AC36: app | AD36: _x0008_v25.2.0
B37: PW오입력 | F37: 1. 잘못된 비밀번호 입력 후 로그인 시도 2. [확인] 버튼 클릭 | G37: 1. 팝업이 발생된다. : 카카오계정 또는 비밀번호를 다시 확인해 주세요.[확인] 2. 팝업이 닫힌다. | AB37: 1 | AC37: app | AD37: _x0008_v25.2.0
A38: 비밀번호 입력 제한 | F38: * 비밀번호 입력은 2시간이전~현재시간 내에 총 카운트로 제한하며 20회로 제한한다. * 현재 카운트 및 초기화는 계정 어드민 사용 : https://admin-account.kakao.com/tools/reset_counts/search | H38: - | I38: - | AB38: - | AC38: app | AD38: _x0008_v25.2.0
B39: 입력제한 확인 | E39: 오입력 19회 상태 | F39: 1. 비밀번호 오입력 상태로 로그인 시도(19회상태) 2. 비밀번호 오입력 상태로 로그인 시도(20회상태) | G39: 1. 팝업이 발생된다. : 카카오계정 또는 비밀번호를 다시 확인해 주세요.[확인] 2. 팝업이 발생된다. : 비밀번호 입력 제한 횟수를 초과했습니다. 2시간 후에 다시 시도해 주세요. (확인) | AB39: 3 | AC39: app | AD39: _x0008_v25.2.0
F40: 1. 비밀번호 오입력 후 팝업을 닫는다. | G40: 1. [확인] 버튼이 비활성화로 변경 | AB40: 3 | AC40: app | AD40: _x0008_v25.2.0
A41: 계정 당 재가입 제한 | F41: * 1일 2회 탈퇴 시 재가입 제한 | H41: - | I41: - | AB41: - | AC41: app | AD41: _x0008_v25.2.0
E42: 탈퇴횟수 = 2회 | F42: 1. 사전조건의 계정으로 로그인 시도 | G42: 1. 팝업이 발생된다. : 탈퇴/가입을 반복하여 가입이 제한되었습니다. 24시간 후에 다시 시도해 주세요. | AB42: 3 | AC42: app | AD42: _x0008_v25.2.0
A43: 로그인 가능 시도횟수 제한 | F43: * 유니크한 이메일 or 전화번호로 로그인 시도 횟수 5회 제한 / 24시간 | H43: - | I43: - | AB43: - | AC43: app | AD43: _x0008_v25.2.0
B44: 이메일 | E44: 유니크한 이메일 또는 전화번호 로그인 시도 횟수 4회 상태 | F44: 1. 다른 이메일 +잘못된 비밀번호로 로그인 시도(제한4회 상태) 2. 다른 이메일 으로 로그인 시도(제한5회 상태) 3. 제한 걸린 이메일 + 올바른 비밀번호로 로그인 시도 | G44: 1. 팝업이 발생된다. : 카카오계정 또는 비밀번호를 다시 확인해 주세요.[확인] 2. 로그인 실패하며 팝업이 발생된다. 로그인 제한 횟수를 초과했습니다. 24시간 후에 다시 시도해 주세요. (확인) 3. 로그인 시도가 처리되며, 약관 동의 화면으로 전환 | AB44: 3 | AC44: app | AD44: _x0008_v25.2.0
B45: 전화번호 | E45: 유니크한 이메일 또는 전화번호 로그인 시도 횟수 4회 상태 | F45: 1. 다른 전화번호+잘못된 비밀번호로 로그인 시도(제한4회 상태) 2. 다른 전화번호로 로그인 시도(제한5회 상태) 3. 제한 걸린 전화번호 + 올바른 비밀번호로 로그인 시도 | G45: 1. 팝업이 발생된다. : 카카오계정 또는 비밀번호를 다시 확인해 주세요.[확인] 2. 로그인 실패하며 팝업이 발생된다. 로그인 제한 횟수를 초과했습니다. 24시간 후에 다시 시도해 주세요. (확인) 3. 로그인 시도가 처리되며, 약관 동의 화면으로 전환 | AB45: 3 | AC45: app | AD45: _x0008_v25.2.0
A46: 제재 랜딩 처리 | F46: * 계정 제재/보호조치/휴면 상태처리는 계정 어드민에서 조회 후 계정 상태 우측의 메뉴에서 제재 상태 변경, 휴면 상태 변경 메뉴를 통해 확인 | H46: - | I46: - | AB46: - | AC46: app | AD46: _x0008_v25.2.0
B47: 이용제재 | E47: 이용제재 계정 로그인 | F47: 1. 이용제재 상태의 계정으로 로그인 시도 2. [상세보기] 클릭 3. [닫기] 버튼 클릭 | G47: 1. 팝업이 발생된다. : 현재 이 카카오계정으로 로그인 할 수 없습니다. 자세한 사항은 상세 보기 버튼을 눌러 확인해 주세요.[취소] [상세보기] 2. 이용제재 안내 페이지로 이동된다. 이용제재 안내 및 [닫기] 버튼이 확인된다. 3. 로그인 화면으로 돌아온다. | AB47: 3 | AC47: app | AD47: _x0008_v25.2.0
B48: 보호조치 : 로그인 시도 스킵 처리 확인 | E48: 보호조치 계정 로그인 | F48: 1. 보호조치 상태의 계정으로 로그인 시도 2. [상세보기] 클릭 3. 비밀번호 재설정 과정 완료 | G48: 1. 팝업이 발생된다. : 현재 이 카카오계정으로 로그인 할 수 없습니다. 자세한 사항은 상세 보기 버튼을 눌러 확인해 주세요.[취소] [상세보기] 2. 보호조치 안내 페이지로 이동된다. 보호조치 안내 및 [비밀번호 재설정] 버튼이 확인된다. 3. 비밀번호 재설정이 완료되며 로그인 시도가 처리되며, 약관 동의 화면으로 전환된다. | AB48: 3 | AC48: app | AD48: _x0008_v25.2.0
A49: 휴면 랜딩 처리 | F49: * 계정의 휴면상태는 카카오톡에 연결된 계정은 불가 * 이메일 계정 생성 후 탈퇴 후 휴면 처리 필요 | H49: - | I49: - | AB49: - | AC49: app | AD49: _x0008_v25.2.0
B50: 휴면 : 로그인 시도 스킵 처리 | E50: 휴면 계정으로 로그인 | F50: 1. 휴면 상태의 계정으로 로그인 시도 2. [확인] 버튼 클릭 | G50: 1. 팝업이 발생된다. : 카카오 서비스를 1년 이상 이용하지 않아 개인정보 보호를 위해 카카오계정이 휴면상태로 전환되었습니다. 카카오계정을 휴면 해제 하려면 확인 버튼을 눌러주세요. [취소] [확인] 2. 로그인 시도가 처리되며, 약관 동의 화면으로 전환된다. | AB50: 3 | AC50: app | AD50: _x0008_v25.2.0
A51: 계정/비밀번호 찾기 | F51: * 메뉴 노출 확인 * 계정 Flow로 AD-HOC으로 기능 확인 진행 : 아이디 - 프로필 이름/전화번호로 찾기 체크 : 비밀번호 - 이메일주소, 전화번호로 찾기 체크 | H51: - | I51: - | AB51: - | AC51: app | AD51: _x0008_v25.2.0
B52: 이메일 또는 전화번호를 모르겠어요 | D52: 랜딩 확인 | F52: 1. 로그인 페이지 내 [카카오계정 또는 비밀번호 찾기] 버튼 클릭 2. 팝업에서 [이메일 또는 전화번호를 모르겠어요] 클릭 | G52: 1. 팝업이 표시된다. : 카카오계정으로 로그인하는데 도움이 필요하신가요? [이메일 또는 전화번호를 모르겠어요] [비밀번호를 모르겠어요] 2. 카카오계정 찾기 페이지로 이동된다. : 상단 헤더 영역에 "카카오계정 찾기" 표시 | AB52: 3 | AC52: app | AD52: _x0008_v25.2.0
B53: 비밀번호를 모르겠어요 | D53: 랜딩 확인 | F53: 1. 로그인 페이지 내 [카카오계정 또는 비밀번호 찾기] 버튼 클릭 2. 팝업에서 [비밀번호를 모르겠어요] 클릭 | G53: 1. 팝업이 표시된다. : 카카오계정으로 로그인하는데 도움이 필요하신가요? [이메일 또는 전화번호를 모르겠어요] [비밀번호를 모르겠어요] 2. 카카오계정 찾기 페이지로 이동된다. : 상단 헤더 영역에 "비밀번호 재설정" 표시 | AB53: 3 | AC53: app | AD53: _x0008_v25.2.0
A54: 로그인 버튼 활성화 | F54: * ID/ 비밀번호 입력에 따른 체크 | H54: - | I54: - | AB54: - | AC54: app | AD54: _x0008_v25.2.0
B55: 활성화 확인 | E55: 디폴트 상태 | F55: 1. 톡 실행 후 입력필드를 확인한다. 2. ID를 입력한다. 3. 비밀번호를 입력한다. 4. ID입력을 삭제한다. 5. ID입력 후 비밀번호를 삭제한다. | G55: 1. ID/PW 입력필드가 비어있으며 place holer텍스트가 노출 : 이메일 또는 전화번호 : 비밀번호 2. 로그인 버튼은 비활성화 상태 유지 3. 로그인 버튼이 활성화된다. 4. 로그인 버튼이 비활성화 된다. 5. 로그인 버튼이 비활성화 된다. | AB55: 1 | AC55: app | AD55: _x0008_v25.2.0
A56: 랜딩 확인 | F56: * 로그인 화면에서 이동되는 다음 화면 - 약관 - 전화번호 입력 | G56: * 로그인시 약관은 스킵 또는 일부 노출 가능 https://docs.google.com/spreadsheets/d/1BrufVRwYmUWFR92HR4Vml_vpJZZR5_upFhXqGaeJhos/edit?gid=1606178996#gid=1606178996 - 기존유저의 경우 약관 스킵 | H56: - | I56: - | AB56: - | AC56: app | AD56: _x0008_v25.2.0
B57: 새로운 카카오 계정 만들기 | D57: 랜딩 확인 : 약관 페이지 | F57: 1. [새로운 카카오계정 만들기] 버튼 탭 | G57: 1. 약관 페이지로 랜딩되며 약관 노출 ---------- - "모두 동의합니다." 노출 약관 - 만 14세 이상입니다. - [필수] 카카오 계정 약관 - [필수] 카카오 통합 서비스 약관 - [필수] 개인정보 수집 및 이용 동의 - [선택] 카카오알림 채널 추가 및 광고 메시지 수신 - [선택] 위치정보 수집 및 이용 동의 - [선택] 프로필 정보 추가 수집 동의 | AB57: 1 | AC57: app | AD57: _x0008_v25.10.0
B58: 카카오 계정 로그인 | H58: - | I58: - | AB58: - | AC58: app | AD58: _x0008_v25.2.0
C59: 기존 계정 로그인 시 약관 페이지 스킵 확인 | E59: 최신버전으로 가입한 계정 로그인 | F59: 1. ID/PW입력 후 [카카오 계정 로그인] 버튼 탭 | G59: 1. 전화번호 입력 페이지 랜딩 확인 | AB59: 1 | AC59: app | AD59: _x0008_v25.2.0
C60: 톡 미가입 계정 로그인 시 약관 페이지 랜딩 확인 | E60: 웹에서 생성한 카카오 계정 로그인 | F60: 1. ID/PW입력 후 [카카오 계정 로그인] 버튼 탭 | G60: 1. 약관 페이지로 랜딩된다. | AB60: 1 | AC60: app | AD60: _x0008_v25.2.0 | AF60: * 웹으로 가입 또는 계정 어드민 > 테스트계정 생성 25/05 shannon 어카운트 어드민 > Tools > 테스트용 계정 만들기 | AH60: https://docs.google.com/spreadsheets/d/120WAeHhEtno_Ne9bmyjm_Gat3WT3ehz0kdNxmyhKdyQ/edit?gid=5040221#gid=5040221 어드민권한없는경우 생성해둔 계정 사용하셔도됩니다. 2027/2/25 만료
A61: 약관화면(TERMS) | AB61: - | AC61: app | AD61: v25.2.0
A62: (참고) 화면 내 컴포넌트 | AB62: - | AC62: app | AD62: v25.2.0
A63: 타이틀 | F63: (클라문구) | G63: 이용약관에 동의해 주세요 | H63: - | I63: - | AB63: - | AC63: app | AD63: _x0008_v25.2.0
A64: 모두 동의 | F64: (클라문구) | G64: 모두 동의합니다. | H64: - | I64: - | AB64: - | AC64: app | AD64: _x0008_v25.2.0
A65: 모두 동의 디스크립션 | F65: (클라문구) | G65: 전체동의는 필수 및 선택정보에 대한 동의도 포함되어 있으며, 개별적으로도 동의를 선택할 수 있습니다.\n선택항목에 대한 동의를 거부하는 경우에도 서비스 이용이 가능합니다. | H65: - | I65: - | AB65: - | AC65: app | AD65: _x0008_v25.2.0
A66: 약관 리스트 | H66: - | I66: - | AB66: - | AC66: app | AD66: _x0008_v25.2.0
B67: 개별 약관 | H67: - | I67: - | AB67: - | AC67: app | AD67: _x0008_v25.2.0
C68: 체크박스 | H68: - | I68: - | AB68: - | AC68: app | AD68: _x0008_v25.2.0
C69: 약관 타이틀 표기 | F69: (서버문구) 항상 존재 | G69: viewData - terms - title 값 | H69: - | I69: - | AB69: - | AC69: app | AD69: _x0008_v25.2.0
C70: 디스크립션 | F70: (서버문구) 존재하는 경우 표기 | G70: viewData - terms - descriptions | H70: - | I70: - | AB70: - | AC70: app | AD70: _x0008_v25.2.0
C71: [ >] 버튼 | F71: (서버데이터) url값 존재시 표기 | G71: viewData - terms - url | H71: - | I71: - | AB71: - | AC71: app | AD71: _x0008_v25.2.0
A72: 다음 버튼 | F72: (클라문구) | G72: 동의하고 계속 진행합니다 | H72: - | I72: - | AB72: - | AC72: app | AD72: _x0008_v25.2.0
A73: 돌아가기 버튼 | F73: (클라문구) iOS 서브디바이스에만 존재 | G73: 처음으로 돌아가기 | H73: - | I73: - | AB73: - | AC73: app | AD73: _x0008_v25.2.0
A74: 약관 화면 내 기능/로직 확인 | AB74: - | AC74: app | AD74: v25.2.0
A75: 모두 동의 기능 | H75: - | I75: - | AB75: - | AC75: app | AD75: _x0008_v25.2.0
E76: 미동의 상태 | F76: 1. 모두 동의합니다. 영역 탭 | G76: 1. 약관이 모두 체크상태로 변경된다. [동의하고 계속 진행합니다] 버튼이 활성화된다. | AB76: 1 | AC76: app | AD76: _x0008_v25.2.0
E77: 일부 동의 상태 | F77: 1. 모두 동의합니다. 영역 탭 | G77: 1. 약관이 모두 체크상태로 변경된다. [동의하고 계속 진행합니다] 버튼이 활성화된다. | AB77: 1 | AC77: app | AD77: _x0008_v25.2.0
E78: 모두 동의 상태 | F78: 1. 모두 동의합니다. 영역 탭 | G78: 1. 약관이 모두 해제상태로 변경된다. [동의하고 계속 진행합니다] 버튼이 비활성화된다. | AB78: 1 | AC78: app | AD78: _x0008_v25.2.0
A79: 약관 별 문구 및 링크 확인 | F79: * 전문 페이지 이동 및 복귀 동작 확인 | H79: - | I79: - | AB79: - | AC79: app | AD79: _x0008_v25.2.0
B80: 만 14세 이상입니다. | F80: - | G80: - 링크 없음 체크 처리만 가능 | AB80: 1 | AC80: app | AD80: _x0008_v25.2.0
B81: [필수] 카카오계정 약관 | F81: 1. 계정 링크 클릭 2. 이전 버튼 클릭 | G81: 1. 링크 전문 페이지로 이동된다. 2. 약관 페이지로 돌아온다. | AB81: 1 | AC81: app | AD81: _x0008_v25.2.0 | AH81: 상세 웹뷰 진입 시 링크 일부가 잘려서 노출되는 현상 있으나 계정 QA에서 관리중
B82: [필수] 카카오 통합서비스 약관 | F82: 1. 계정 링크 클릭 2. 이전 버튼 클릭 | G82: 1. 링크 전문 페이지로 이동된다. 2. 약관 페이지로 돌아온다. | AB82: 1 | AC82: app | AD82: _x0008_v25.2.0
B83: [필수] 개인정보 수집 및 이용 동의 | F83: 1. 계정 링크 클릭 2. 이전 버튼 클릭 | G83: 1. 링크 전문 페이지로 이동된다. 2. 약관 페이지로 돌아온다. | AB83: 1 | AC83: app | AD83: _x0008_v25.2.0
B84: [선택] 카카오알림 채널 추가 및 광고메시지 수신 | F84: 1. 계정 링크 클릭 2. 이전 버튼 클릭 | G84: 1. 링크 전문 페이지로 이동된다. 2. 약관 페이지로 돌아온다. | AB84: 1 | AC84: app | AD84: _x0008_v25.2.0
B85: [선택] 위치정보 수집 및 이용동의 | F85: 1. 계정 링크 클릭 2. 이전 버튼 클릭 | G85: 1. 링크 전문 페이지로 이동된다. 2. 약관 페이지로 돌아온다. | AB85: 1 | AC85: app | AD85: _x0008_v25.2.0
B86: [선택] 프로필 정보 추가 수집 동의 | F86: 1. 계정 링크 클릭 2. 이전 버튼 클릭 | G86: 1. 링크 전문 페이지로 이동된다. 2. 약관 페이지로 돌아온다. | AB86: 1 | AC86: app | AD86: _x0008_v25.2.0
A87: 톡약관만 노출 케이스 | F87: * 통합불가 이며 톡서비스 가입 약관만 표시되는 경우 모두 동의 버튼은 표시되지 않음 | H87: - | I87: - | AB87: - | AC87: app | AD87: _x0008_v25.2.0
B88: 모두 동의 버튼 미노출 | F88: 1. 약관 페이지 디자인 확인 | G88: 1. 톡 서비스 약관만 표시되며[필수], [모두 동의] 버튼은 표시되지 않음 | AB88: 3 | AC88: app | AD88: _x0008_v25.2.0
A89: 랜딩 확인 | H89: - | I89: - | AB89: - | AC89: app | AD89: _x0008_v25.2.0
B90: 다음 | H90: - | I90: - | AB90: - | AC90: app | AD90: _x0008_v25.2.0
C91: 전체 약관 동의 후 진행 | E91: 약관 모두 동의 | F91: 1. [다음] 버튼 탭 | G91: 1. 전화번호 인증 화면으로 이동된다. | AB91: 1 | AC91: app | AD91: _x0008_v25.2.0
C92: 필수 약관 동의 후 진행 | E92: 선택 약관 미동의 | F92: 1. [다음] 버튼 탭 | G92: 1. 전화번호 인증 화면으로 이동된다. | AB92: 1 | AC92: app | AD92: _x0008_v25.2.0
C93: 14세 이상 미동의 후 진행 flow 확인 | E93: 14세 미동의 | F93: 1. [다음] 버튼 탭 2. [네] 버튼 탭 3. 약관 모두 동의 후 14세 이상 실명인증 프로세스 완료 - spec & tip의 14세 미만 정보 사용 4. 보호자 약관 동의 및 본인 인증 절차 완료 5. 전화번호(톡미사용중인 번호)로 인증 6. 인증번호 입력 화면에서 인증번호 입력_x0008_ 7. 비밀번호 입력 화면에서 비밀번호 생성 8. 프로필 작성 후 [확인] 9. 이메일 등록 화면에서 [나중에하기] 탭 | G93: 1. 14세 미만 가입 Flow로 진입된다. ---------- 만 14세 미만인가요? 만 14세 미만은 보호자 동의가 필요합니다. [아니요] [네] 2. 본인확인 화면 표시 3. 보호자(법정 대리인) 동의 웹뷰 표시 ---------- [선택] 프로필 정보 추가 수집 동의가 체크 상태로 표시된다. - 본인확인 정보는 프로필 정보로 이용하며, [카카오계정 > 내정보 관리]에서 관리할 수 있습니다. 4. 전화번호 입력 화면 표시 5~8 : 일반적인 가입 경로로 설명 생략 9. 신규 가입 완료되며 친구탭으로 이동된다. | AB93: 1 | AC93: app | AD93: _x0008_v25.7.0 | AE93: (adora, 26/5) https://jira.daumkakao.com/browse/QATEAM-13474 [가입] 14세 미만 가입 진행 중 이용동의 화면에서 웹뷰를 닫을 경우 처음 화면으로 돌아가는 현상 (케빈, 26/5) [가입] 14세미만으로 [필수]개인정보 확인 후 back 선택 시 이전 화면이 아닌 최초 로그인 화면으로 이동함 // https://jira.daumkakao.com/browse/QATEAM-13442 | AF93: * 테스트 계정 셋팅 필요 - 가입 테스트 시 모즈에게 요청 - vonin어드민 권한 있는 경우 직접 생성 테스트 하시거나 연락부탁드립니다. - (부재시)릴리즈 담당자에게 요청부탁드립니다. * 14세 미만 정보 아래 정보로 생성해뒀습니다. 이슈있을시 연락부탁드립니다! ** 생성 2026/06/11 09시 이름 - 생년 - 주민번호 뒷자리 앞 - 번호 감십사 20180101 - 3 01000010003 함십사 20180101 - 4 01000010004 * 14세 미만 유저의 인증정보에서 사용, 부모동의는 실정보나/테스트 정보로 셋팅하여 확인가능 (pond, 25/7) 14세 미만과 실제 내 나이가 20살 이상 차이나야 보호자 인증 가능함 | AH93: 본인인증하지 않고 창을 닫는 경우는 로그인화면으로 이동처리
B94: 처음으로 돌아가기 | F94: 1. [처음으로 돌아가기] 버튼 탭 | G94: 1. 로그인 화면으로 돌아간다. | AB94: 1 | AC94: app | AD94: _x0008_v25.2.0 | AF94: * iOS의 경우 서브디바이스에서만 버튼노출
A95: 전화번호 입력(PHONE-NUMBER) | H95: - | I95: - | AB95: - | AC95: app | AD95: v25.2.0
A96: (참고) 화면 내 컴포넌트 | H96: - | I96: - | AB96: - | AC96: app | AD96: v25.2.0
A97: 타이틀 | F97: (클라문구) | G97: 전화번호를 입력해 주세요 | H97: - | I97: - | AB97: - | AC97: app | AD97: _x0008_v25.2.0
A98: 국가 전화 번호 | F98: (서버 데이터) | G98: 국가명 , 국가코드 | H98: - | I98: - | AB98: - | AC98: app | AD98: _x0008_v25.2.0
A99: (EU) 16세 동의 | F99: (서버 데이터) | G99: [필수] 16세 이상 이용자 입니다. 카카오톡은 16세 이상 이용자만 가입 가능합니다. | H99: - | I99: - | AB99: - | AC99: app | AD99: _x0008_v25.2.0 | AF99: (yon, 25/2) 해외 번호 발급 방법 1. 톡 어드민 > 사내번호 관리 2. 사내번호 하단 국가코드 변경 & 사용 목적 작성 (ex. 톡QA테스트) 후 자동 할당 3. 할당된 번호로 톡 가입 4. 가입 후 설정 > 개인보안 확인
A100: (EU) 광고 식별자 동의 | F100: (서버 데이터) | G100: [선택] 광고 식별자 수집 동의 보기 | H100: - | I100: - | AB100: - | AC100: app | AD100: _x0008_v25.2.0
...

Sheet 2.친구
A1: 담당자: joy.2 | AB1: 수행 범위: P1 ~ P3 | AG1: =COUNTIF(AG5:AG210, "?*") -> 4
A2: 분류1 | B2: 분류2 | C2: 분류3 | D2: 분류4 (기능) | E2: 사전 조건 | F2: Test Step (체크할 항목) | G2: 기대결과 | H2: 6 | I2: 6 | AB2: 분류 | AE2: Comment & Jira | AF2: Spec & Tip | AG2: TC Review | AH2: Memo
H3: =IF(COUNTIF('리그레션 플랜'!C12:D12, "a15"), "a15", IF(COUNTIF('리그레션 플랜'!C12:D12, "a16"), "a16", "")) -> a16 | I3: =IF(COUNTIF('리그레션 플랜'!C12:D12, "i18"), "i18", IF(COUNTIF('리그레션 플랜'!C12:D12, "i26"), "i26", "")) -> i18 | AB3: =COUNTIF($AB5:$AB187, "<=" & MAX('입력값'!$L$3:$L210)) -> 112 | AD3: v26.6.0 | AE3: 작성 : TE | 관리 : TE/QA | AF3: 작성 : TE & QA | 관리 : QA | AG3: 작성 : TE | 관리 : QA | AH3: 작성 : anyone | 관리 : 작성자
AB4: P | AC4: C | AD4: V | AE4: 수행중 발견한 버그의 링크. 닫힘 확인한 사람이 삭제. | AF4: 스펙 및 테스트팁 | AG4: TE가 TC 수정 요청 및 문의, QA가 반영 완료 후 삭제 | AH4: 테스트 진행 중 필요한 메모 입력
A5: GNB | F5: ** (joy) 테스트 진행 전 숏폼 크리에이터 친추 많이 해두고 시작 부탁드리겠습니다 (26/6 숏폼 크리에이터 게시물 스펙 추가로 인해 친구 추가 많이해두고 추천 서버 거쳐 4시간 뒤쯤부터 소식칩에 노출) | H5: - | I5: - | AB5: - | AC5: - | AD5: -
A6: 내프로필 | F6: 1. 내프로필 영역 UI 확인 2. 내프로필 영역 탭 | G6: 1. 친구탭에 표시된 내프로필 확인 - 이름 표시 ㄴ 최대 표시 글자수: 7자 ㄴ 최대 표시 글자수 초과시 : 공간에 맞는 글자수 표시 + 말줄임 (말줄임 이전에 표시되는 글자수는 가변적) 2. 내프로필이 조회됨 | AB6: 1 | AC6: app | AD6: v25.10.0
A7: 친구칩 > 친구추가 | H7: - | I7: - | AB7: - | AC7: app | AD7: v25.8.0
B8: QR코드 | F8: 친구칩 > 친구추가> [QR코드]를 통해 친구 추가 | G8: QR코드 스캔을 통해 친구가 추가됨 * 진입시 카메라 권한, 앨범 진입시 사진 접근 권한 필요 * 자신의 QR코드 read시 안내 팝업 표시 | AB8: 1 | AC8: app | AD8: v25.8.0
B9: 연락처 | F9: 친구칩 > 친구추가> [연락처]를 통해 친구 추가 | G9: 연락처로 친구가 추가됨 *이미 친구인 유저 검색시 안내 문구 및 채팅 유도 버튼 표시 ㄴ 내 연락처인 경우 [나와의 채팅] 버튼 표시 *[휴대폰 연락처에 추가] label 버튼을 통해 기기 저장 가능 | AB9: 1 | AC9: app | AD9: v25.8.0
B10: 카카오톡 ID | F10: 친구칩 > 친구추가> [카카오톡 ID]를 통해 친구 추가 | G10: 검색한 ID에 해당하는 유저가 친구로 추가됨 *대상자가 검색 비허용 or 없는 ID인 경우 "검색 결과 없음" 표시 *내 ID 검색시 [나와의 채팅] 버튼 표시 | AB10: 1 | AC10: app | AD10: v25.8.0
B11: 추천친구 | H11: - | I11: - | AB11: - | AC11: app | AD11: v25.8.0
C12: 추천 친구 없음 | F12: 친구탭> 친구추가> [추천친구] 진입시 추천 친구가 없을 때 목록 UI 확인 | G12: [뒤로(<)] 추천친구 채널(AD) [채널 카드1] [채널 카드2] ... "추천친구가 없어요." *채널을 추가해도 목록은 갱신되지 않고 버튼 레이블만 변경됨 | AB12: 4 | AC12: app | AD12: v25.8.0
C13: 추천 친구 삭제 | F13: 0. [추천친구] 진입 1. 추천친구 슬롯 롱탭(or 스와이프) 2. context menu에서 [삭제] 선택 3. 삭제 확인 얼럿 [삭제] 선택 | G13: 1. context menu가 표시됨 [삭제] 2. 추천친구 삭제 확인 얼럿 표시됨 3. - 추천친구가 삭제됨 - 타임라인에 표시됐던 추천친구의 게시물 및 상태메시지가 있는 경우 즉시 제거됨 | AB13: 3 | AC13: app | AD13: v26.2.0 | AF13: (trudy,25/11) 신규 가입한 유저 > 추천친구 채널AD 미노출 현상 https://jira.daumkakao.com/browse/QATEAM-8959 ㄴ 타부서 이슈로 Close 처리
C14: 목록에서 추가 | F14: 추천친구 목록에서 [친구 추가] 버튼 탭 | G14: - [친구 추가] 버튼 > [채팅] 버튼으로 변경 - 재진입시 추천 친구 목록에서 사라짐 - 친구탭> [친구 n >] 레이블 버튼에 빨간점이 표시되고 친구목록> 새로운 친구 n 섹션에 추가됨 (w/빨간점) *친구목록> 친구n 섹션에는 빨간점 표시 없음 | AB14: 2 | AC14: app | AD14: v25.8.0 | AF14: (mia, 26/5) - android : 친구 추가 후 최하단으로 위치 변경됨
A15: 선물하기 | F15: 친구칩 > 선물하기 버튼 노출 및 랜딩 확인 | G15: 선물하기 버튼이 노출되고, 탭하면 선물하기 메인 화면이 표시됨 | AB15: 3 | AC15: app | AD15: v25.11.0
A16: 소식칩 > 소식 추가 버튼 | F16: 소식칩 > 소식 추가 버튼 노출 및 랜딩 확인 | G16: 소식 추가 버튼 노출되고 탭 시 게시글 에디터로 랜딩됨 - 이후 게시글/펑 업로드 진행 시 정상 업로드 | AB16: 2 | AC16: app | AD16: v26.4.0
A17: 칩 | H17: - | I17: - | AB17: - | AC17: app | AD17: v25.11.0
B18: 칩 간 이동 및 수동 최상단 포커싱 | F18: 1. 친구탭> 친구칩 스크롤한 후 머물기 2. 친구탭 탭1 3. 친구탭 탭2 4. 소식칩 스크롤한 후 머물기 5. 친구탭 탭3 6. 친구탭 탭4 | G18: 2. 친구칩 최상단으로 포커싱 3. 소식칩으로 전환 5. 소식칩 최상단으로 포커싱 6. 친구칩으로 전환 | AB18: 1 | AC18: app | AD18: v25.11.0 | AF18: 최상단 포커싱 조건 - 10분 초과 후 친구탭 재진입 시 친구칩/소식칩 일괄 최상단 포커싱 ex. bg->fg 재진입, 탭 간 이동 후 복귀, (Android) 2depth 이동 후 복귀 등
B19: 소식칩 N뱃지 | H19: - | I19: - | AB19: - | AC19: app | AD19: v25.11.0
C20: 노출 | F20: 친구가 24시간 이내에 발행한 게시물 있음 (참고) N뱃지 노출 조건에 해당하는 게시물 타입 - 프로필/배경 사진 업데이트 - 직접 업로드한 게시물 | G20: 친구탭> [소식칩] 에 🅝 | AB20: 1 | AC20: app | AD20: v26.4.0
C21: 유지 | F21: 1. 소식칩에 N뱃지 생성 2. n+1시간 후 N뱃지 생성 조건 발생 3. n+2시간 후 N뱃지 생성 조건 발생 | G21: 2. 소식칩에 N뱃지 유지 3. 소식칩에 N뱃지 유지 | AB21: 2 | AC21: app | AD21: v25.11.0
C22: 제거 | F22: 1. 소식칩에 N뱃지 있음 2. 소식칩 진입 *N뱃지가 있는 상태로 소식칩 진입시 무조건 timeline API 호출 | G22: 2. - timeline API 갱신 성공시 뱃지 제거 - N뱃지 발생 후 N뱃지 미갱신시 24시간 경과시 뱃지 제거 | AB22: 1 | AC22: app | AD22: v25.11.0 | AF22: 24시간 경과로 제거되는 스펙은 있으나, 리그레션 테스트에서는 수행하지 않습니다. *참고: [자동 제거 흐름] N뱃지 있음> (N뱃지 갱신 없음)> 24시간 경과> Friends_of_today(오친API)에서 N뱃지: false 수신(강종 등으로 호출)> 소식칩에서 N뱃지 제거
A23: 설정(친구탭) | G23: TC의 하단에서 다룸 | H23: - | I23: - | AB23: - | AC23: app | AD23: v25.8.0
A24: 이벤트 배너 | H24: - | I24: - | AB24: - | AC24: app | AD24: v25.8.0
B25: 배너 노출 우선 순위 | F25: 내 생일, 성년, 재난/재해, 커머스 이슈데이 배너가 동시에 노출되는 조건일 때 표시 우선순위 확인 | G25: 순위별 노출 1. 내 생일 배너 2. 성년의 날 배너 3. 링크가 있는 재난/재해 배너 4. 커머스 이슈데이 배너 5. 링크가 없는 재난/재해 배너 각 배너를 닫으면 다음 우선 순위의 배너가 표시됨 | AB25: 4 | AC25: app | AD25: v25.8.0
B26: 내 생일 | F26: 생일 관련 case 묶음에서 수행 | G26: - | H26: - | I26: - | AB26: - | AC26: app | AD26: v25.8.0
B27: 성년의 날 | F27: 어드민에 설정된 성년 연도와 동일한 생년인 유저가 이벤트 배너 노출 확인 | G27: 성년의 날 이벤트가 어드민에 설정된 노출 기간에 맞게 표시/해제됨 | AB27: 4 | AC27: app | AD27: v25.8.0
B28: 재난 재해 | F28: 어드민에 재난/재해 이벤트 배너가 설정된 상태에서 이벤트 배너 노출 확인 | G28: 재난/재해 이벤트가 어드민에 설정된 노출 기간에 맞게 표시/해제됨 *배너에 링크 추가 가능(어드민 설정) | AB28: 4 | AC28: app | AD28: v25.8.0
B29: 커머스 이슈데이 | F29: 어드민에 커머스 이슈데이 이벤트 배너가 설정된 상태에서 이벤트 배너 노출 확인 | G29: 커머스 이슈데이 이벤트가 어드민에 설정된 노출 기간에 맞게 표시/해제됨 *랜딩처 url 변경 가능(어드민 설정) | AB29: 4 | AC29: app | AD29: v25.8.0
A30: 업데이트 프로필 (구: 업데이트한 친구, 담당자 : Sophia.0) | H30: - | I30: - | AB30: - | AC30: app | AD30: v26.3.0
A31: 업데이트 프로필 구성 및 동작 | H31: - | I31: - | AB31: - | AC31: app | AD31: v26.3.0
B32: 업데이트 친구 없음 | F32: 업데이트 프로필 영역 확인 | G32: - 타이틀 ㄴ "업데이트 프로필" - 내 프로필 사진 + "내 프로필을 편집해 보세요." + [>] 버튼 조합 - 전체 영역 선택 시 내 프로필 편집 화면 진입 | AB32: 2 | AC32: app | AD32: v26.3.0
B33: 업데이트 친구 존재 | F33: 업데이트 프로필 영역 확인 | G33: - 타이틀 ㄴ "업데이트 프로필" + 프로필 개수(친구 + 광고 프로필 수) 노출됨 - 내 프로필 편집 진입점 ㄴ 내 프로필 사진 + [편집] 아이콘 + "내 프로필" 조합 ㄴ 선택 시 내 프로필 편집 화면 진입 - 업데이트 친구 슬롯 ㄴ 친구 프로필 사진 + 이름 조합 ㄴ (디폴트) 프로필 사진 좌측 상단에 빨점 표시됨 ㄴ 친구 슬롯 선택 시 업데이트 프로필 상세 진입 - [→] 소식 더보기 버튼 ㄴ 버튼 선택 시 소식칩 진입 | AB33: 1 | AC33: app | AD33: v26.3.0
A34: 업데이트 친구 슬롯 | H34: - | I34: - | AB34: - | AC34: app | AD34: v26.3.0
B35: 노출 순서 | F35: 친구 슬롯 노출 순서 확인 | G35: - 기본 정렬 ㄴ [읽지 않은 프로필] 리스트 → [읽은 프로필] 리스트 순서 - 읽지 않은 프로필 내 정렬 ㄴ 최종 업데이트 시간 기준 최신순 - 읽은 프로필 내 정렬 ㄴ 최종 업데이트 시간 기준 최신순 | AB35: 1 | AC35: app | AD35: v26.3.0
B36: 프로필 읽음 처리 | H36: - | I36: - | AB36: - | AC36: app | AD36: v26.3.0
C37: 상세 진입 후 읽음 처리 | F37: 1. 읽지 않은 프로필 > 상세 진입 2. 슬롯으로 복귀 3. 슬롯 위치 확인 | G37: [읽은 프로필] 리스트로 이동, 빨점 제거 - 최종 업데이트 시간 기준 최신순 정렬 | AB37: 1 | AC37: app | AD37: v26.3.0
C38: 스와이프로 읽음 처리 | F38: 1. 친구 A 상세 진입 2. 좌우 스와이프로 친구 B 이동 3. 슬롯 복귀 | G38: 친구 A, B 빨점 제거, [읽은 프로필]로 이동 | AB38: 2 | AC38: app | AD38: v26.3.0
B39: 빨점 시나리오 | H39: - | I39: - | AB39: - | AC39: app | AD39: v26.3.0
C40: 읽지 않은 프로필 진입 | F40: 1. 읽지 않은 프로필 > 빨점 노출 중 > 상세 진입 - 읽지 않은 카드 2개 이상 2. 노출 카드 확인 3. 1번째 카드만 조회 > 슬롯 복귀 > 빨점 확인 | G40: 2. 1번째 카드부터 노출됨 3. 빨점 제거, [읽은 프로필] 리스트로 위치 이동 (최신순 정렬) | AB40: 1 | AC40: app | AD40: v26.3.0
C41: 새 카드 발행 | H41: - | I41: - | AB41: - | AC41: app | AD41: v26.3.0
D42: 읽지 않은 카드 3개 | F42: 읽지 않은 프로필 > 슬롯 확인 | G42: 빨점 노출 유지되고, 맨 앞 [읽지 않은 프로필] 리스트로 위치 이동 (최신순 재정렬) - 상세 진입 시 ㄴ 새로 발행한 카드는 4번째지만 마지막으로 읽은 카드가 1번째이므로 1번째 카드부터 노출됨 - 상세 진입 후 슬롯 복귀 시 ㄴ 빨점 제거, [읽은 프로필] 리스트로 위치 이동 (최신순 정렬) | AB42: 1 | AC42: app | AD42: v26.3.0
D43: 3개 카드 중 2개만 읽음 | F43: 읽은 프로필 > 슬롯 확인 | G43: 빨점 노출되고, 맨 앞 [읽지 않은 프로필] 리스트로 위치 이동 (최신순 재정렬) - 상세 진입 시 ㄴ 새로 발행한 카드는 4번째지만 마지막으로 읽은 카드가 2번째이므로 3번째 카드부터 노출됨 - 상세 진입 후 슬롯 복귀 시 ㄴ 빨점 제거, [읽은 프로필] 리스트로 위치 이동 (최신순 정렬) | AB43: 1 | AC43: app | AD43: v26.3.0
D44: 3개 카드 모두 읽음 | F44: 읽은 프로필 > 슬롯 확인 | G44: 빨점 노출되고, 맨 앞 [읽지 않은 프로필] 리스트로 위치 이동 (최신순 재정렬) - 상세 진입 시 ㄴ 새로 발행한 4번째 카드부터 노출됨 - 상세 진입 후 슬롯 복귀 시 ㄴ 빨점 제거, [읽은 프로필] 리스트로 위치 이동 (최신순 정렬) | AB44: 1 | AC44: app | AD44: v26.3.0
A45: 업데이트 프로필 상세 | H45: - | I45: - | AB45: - | AC45: app | AD45: v26.3.0
B46: 카드 노출 순서 | F46: 카드 확인 - 프로필 편집, 게시물/펑 확인 | G46: - 오래된 시간 순서로 카드 노출됨 - 프로필 업데이트 후 수정 시 ㄴ 기존 카드 삭제됨 ㄴ 마지막 수정 내역 반영되어 프로필 카드 신규 발행됨 ㄴ 최신 업데이트 시간 반영되어 마지막 순서로 카드 노출됨 - 게시물 업데이트 후 수정 시 ㄴ 기존 게시물 카드에 마지막 수정 내역 반영되어 노출됨 ㄴ 카드 순서 변경 없음 - 프로필, 게시물/펑 업데이트 후 삭제 시 미노출 | AB46: 1 | AC46: app | AD46: v26.3.0
B47: 카드뷰 노출 및 동작 | H47: - | I47: - | AB47: - | AC47: app | AD47: v26.3.0
C48: 프로필 편집 | F48: 카드뷰 노출 및 동작 - 프사, 배사, 상메, 인티커, 디데이, 뮤직 | G48: 카드뷰 공통 사이즈로 중앙에 노출됨 - 프/배사 카드 ㄴ 동영상인 경우 디폴트 자동 재생, mute 상태 ㄴ BG는 카드뷰 내 이미지에 블러 적용 ㄴ 기본 이미지, 배경 색상 설정 카드 발행 안됨 - 상메 카드 ㄴ 카드 내 텍스트 말풍선 노출 ㄴ BG는 프사 이미지에 블러 적용 - 인티커 카드 (공감 5종, 춘식/조르디, 투표) ㄴ 아이템 노출 및 인터렉션, 애니메이션 동작됨 ㄴ BG는 배사 이미지에 블러 적용됨 - 디데이 카드 ㄴ 카드 내 디데이 스티커 및 제목 노출 ㄴ BG는 배사 이미지에 블러 적용됨 - 뮤직 카드 ㄴ 카드 내 앨범 아트, 타이틀, 아티스트명 및 찜, 재생 아이콘 노출 ㄴ 타이틀 긴 경우 롤링 애니메이션 적용됨 ㄴ 뮤직 아이템 인터렉션 동작됨 (찜, 재생, 뮤직 플로팅) ㄴ BG는 앨범 이미지에 블러 적용됨 | AB48: 1 | AC48: app | AD48: v26.3.0
C49: 게시물/펑 발행 | F49: 카드뷰 노출 및 동작 - 게시물 : 단일 콘텐츠(사진/동영상), 멀티 콘텐츠, AI 템플릿 | G49: 카드뷰 공통 사이즈로 중앙에 노출됨 - 게시물 카드 ㄴ 게시물 카드 내 썸네일 및 캡션 노출됨 ㄴ 동영상인 경우 디폴트 자동 재생, mute 상태 ㄴ 캡션 최대 두 줄까지 노출됨 ㄴ 카드뷰 선택 시 "게시물 보기" 툴팁 노출되고, 선택 시 상세 화면으로 이동됨 ㄴ 멀티 콘텐츠인 경우 우측 상단 아이콘 노출 ㄴ BG는 썸네일 이미지에 블러 적용 - 펑 카드 ㄴ 펑 카드 내 썸네일 및 꾸미기 아이템 (텍스트, 이모티콘, 스티커, 사진, 링크, 위치) 노출됨 ㄴ 공감 스티커 적용된 경우 미노출됨 ㄴ 카드뷰 선택 시 "펑 보기" 툴팁 노출되고, 선택 시 상세 화면으로 이동됨 ㄴ BG는 썸네일 이미지에 블러 적용 | AB49: 1 | AC49: app | AD49: v26.3.0
C50: 제스처 | F50: 업데이트 프로필 상세 화면 > 제스처 확인 | G50: - Pinch in/out ㄴ 프/배사, 상메, 게시물/펑 : 줌 인/아웃 지원 ㄴ 인티커, 디데이, 뮤직 : 줌 인/아웃 미지원 ㄴ 줌 인/아웃 시 프로그레스 멈추고, 손 떼면 다시 재생됨 - Swipe ㄴ 이전/다음 친구의 업데이트 프로필 상세로 이동 ㄴ 이전/다음 친구 없는 경우 화면 닫힘 - Tap ㄴ 이전/다음 카드로 이동 ㄴ 이전/다음 카드 없는 경우 이전/다음 친구의 업데이트 프로필 상세로 이동 - Pull to dismiss ㄴ 업데이트 프로필 상세 화면 닫힘 - tap and hold (동영상 only) ㄴ 영상 일시정지 | AB50: 2 | AC50: app | AD50: v26.3.0 | AF50: (lora, 26/4) 상메 줌 인/아웃 미지원
A51: 친구칩 > 친구목록 | H51: - | I51: - | AB51: - | AC51: app | AD51: v25.11.0
A52: 생일인 친구 | F52: 생일 관련 case 묶음에서 수행 | G52: - | H52: - | I52: - | AB52: - | AC52: app | AD52: v25.8.0
A53: 채널 | F53: 친구칩> [채널 n>] 진입 | G53: 채널 모아보기 화면이 표시됨 *추가한 채널이 없어도 섹션 유지됨, 타이틀은 카운트 없이 [채널>]로 표시 | AB53: 3 | AC53: app | AD53: v25.11.0
A54: 새로운 친구 | F54: 0. 새로운 친구 없음 1. 새로운 친구A가 추가됨 2. 친구칩에서 새로운 친구 섹션 생성 및 슬롯 확인 | G54: 2. - 친구칩에 새로운 친구 섹션이 생성됨 - 친구A의 프사 좌상단에 빨간점이 표시됨 - 친구 섹션에 친구A가 지정된 정렬법대로 정렬됨 *친구 섹션 타이틀에는 빨간점 노출 안함 *새로운 친구가 없거나 모두 해제된 경우 섹션 사라짐 | AB54: 2 | AC54: app | AD54: v25.8.0
A55: 즐겨찾는 친구 | F55: 1. 즐겨찾는 친구 발생 후 친구칩에서 섹션 확인 2. 즐겨찾는 친구 해제 후 친구칩에서 섹션 확인 *그룹채팅방 즐겨찾기는 대상 아님 | G55: 2. - "즐겨찾는 친구" 섹션이 생성돼 있음 즐겨찾는 친구목록 n - 즐겨찾는 친구 하위에 슬롯이 생성돼 있음 [프사] 이름/상메 3. 즐겨찾는 친구 섹션에서 친구가 제거됨 *즐찾 친구가 없거나 모두 해제된 경우 섹션 사라짐 | AB55: 2 | AC55: app | AD55: v25.8.0
A56: 친구 | H56: - | I56: - | AB56: - | AC56: app | AD56: v25.8.0
B57: 섹션 및 슬롯 표시 | H57: - | I57: - | AB57: - | AC57: app | AD57: v25.11.0
C58: 슬롯 UI | F58: 친구 목록 UI 확인 | G58: 친구 nn [가나다순](default) ・ [업데이트순] 친구1 친구2 친구3 . . | AB58: 4 | AC58: app | AD58: v25.11.0
C59: 가나다순(default) | F59: 친구 목록 정렬 방법을 가나다순으로 변경 | G59: 전체 친구가 가나다순으로 정렬됨 | AB59: 3 | AC59: app | AD59: v25.9.0
C60: 업데이트순 | F60: 1. 친구들이 프로필 및 소식을 업데이트 2. 친구 섹션에서 정렬 확인 * - 프로필 업데이트 = 프사/배사/상메/디데이/프로필뮤직/꾸미기요소(스티커, 배경효과 등) ㄴ 친구탭⨠ 오늘의 친구에 "프로필 업데이트" 노출 조건과 동일 - 오늘의 친구 노출 제외 조건에 해당하는 프로필 업데이트는 업데이트 및 프로필 변경 외의 오친 노출 조건은 업데이트 순 정렬에 반영되지 않음. | G60: 2. 친구칩> 친구 섹션에 프로필 업데이트 최신순으로 정렬됨 *업데이트순 정렬은 업데이트한 친구와 순서가 일치하지 않을 수 있음 *업데이트 시간이 동일하면 해당 친구를 가나다순으로 정렬 | AB60: 3 | AC60: app | AD60: v25.11.0 | AF60: 친구 목록 > 가나다순 | 업데이트순 변경 시 친구 목록에 반영되지 않는 현상 QATEAM-7432 └ 노운이슈
A61: 편집(친구 목록에서 개별 편집) | H61: - | I61: - | AB61: - | AC61: app | AD61: v25.11.0
B62: 숨김 | F62: 0. 친구A와의 1:1 채팅방 있음 1. 친구목록 상세에서 친구A의 슬롯을 롱탭(스와이프) 후 친구 숨김 or 게시물 숨김 진행 2. 설정> 친구> 숨김친구 관리 리스트 확인 3. 친구A와 메시지 수발신 4. 친구A를 카카오톡id or QR 코드로 검색 후 검색 결과 화면 확인 | G62: 1. 숨김 프로세스가 진행되고 완료시 화면 중앙에 UI 표시 - 게시물 숨김 : 소식칩 내 해당 친구 게시물만 미노출 처리되고 친구 목록에선 노출 유지 - 친구 숨김 : 소식칩 내 해당친구 게시물, 친구 목록에서 해당 친구 미노출 처리 2. 친구A가 숨긴친구 관리 리스트에 표시됨 - 게시물 숨긴 친구 : 친구 이름 하단 '게시물 숨김' 표시 - 친구 숨긴 친구 : 친구 이름 하단 '친구 숨김' 표시 3. 메시지가 정상 수발신됨 4. "숨김 설정된 친구입니다." [1:1채팅] | AB62: 2 | AC62: app | AD62: v26.2.0 | AF62: * 26/2차 반영 스펙 : 게시물 숨기기 기능 추가 - 게시물 숨기기 : 소식칩 게시물만 미노출 처리되고 친구 목록에는 노출 유지 - 친구 숨기기 : 기존 친구 숨김과 동일한 기능
B63: 삭제 | F63: 0. 친구E와의 1:1 채팅방 있음. 친구E = 연락처 친구 1. 친구목록 상세에서 친구E의 슬롯을 롱탭(스와이프) 후 친구 삭제 완료 2. 설정> 친구> 친구 목록 새로고침 3. 친구E와의 1:1채팅방 상단 버튼 구성 확인 4. 친구E와 메시지 수발신 5. 친구E를 카카오톡 id or QR코드로 검색 후 검색 결과 화면 확인 6. 친구E를 차단, 추가 | G63: 1. 삭제 프로세스가 진행되고 완료시 화면 중앙에 UI 표시 2. 친구로 추가되지 않음 3. [추가] [차단] [신고] 4. 친구E와 메시지 수발신 정상 동작 5. 프사/이름, [차단] [친구 추가] 6. 차단 및 친구 추가 가능 | AB63: 2 | AC63: app | AD63: v25.8.0
B64: 차단 | F64: 0. 친구C와의 1:1 채팅방 있음 1. 친구목록 상세에서 친구C의 슬롯을 롱탭(스와이프) 후 친구 차단 완료 2. - 설정> 친구> 차단> 차단친구 관리 리스트 확인 - 친구C와의 1:1채팅방 상단 버튼 구성 확인 3. 친구C와 메시지 수발신 4. 친구C를 카카오톡id or QR코드로 검색 후 검색 결과 화면 확인 5. 친구C를 차단 해제 6. 친구C와 메시지 수발신 | G64: 1. 차단 프로세스가 진행되고 완료시 화면 중앙에 UI 표시 2. - 친구C가 차단친구 관리 리스트에 표시됨 - [추가] [차단 해제] [신고] 3. 발신 불가 (입력창 비활성화) / 수신 안됨 4. 프사, 이름, [차단해제] 버튼 표시 5. 친구C가 친구로 추가되고 새로운 친구 섹션에 표시됨 6. 친구C와 메시지 수발신 정상 동작 | AB64: 2 | AC64: app | AD64: v25.8.0
B65: 즐겨찾기 | H65: - | I65: - | AB65: - | AC65: app | AD65: v25.11.0
C66: 친구 목록에서 편집 | F66: 친구D를 즐겨찾기로 추가 - Android: 롱탭> context menu> [즐겨찾기에 추가] - iOS: 우스와이프 | G66: 즐겨찾기 섹션에 친구D가 추가됨 | AB66: 3 | AC66: app | AD66: v25.11.0
C67: 프로필에서 편집 | F67: 친구F 프로필에서 즐겨찾기 ON/OFF | G67: - 즐겨찾는 친구 섹션에 친구F가 슬롯으로 표시/해제됨 - 완료 toast "즐겨찾기에 추가되었어요." *iOS에 toast 없음 | AB67: 2 | AC67: app | AD67: v25.11.0
A68: 생일 관련 케이스 | G68: (참고) 생일, 이벤트 정보 등의 클라-서버간 정보 동기화 ㄴ more_settings 호출 시 리비전 값 변경 ㄴ 세션 갱신 주기(30분) 시점에 다음날로 날짜 변경 | H68: - | I68: - | AB68: - | AC68: app | AD68: v25.11.0
A69: 내 생일 | H69: - | I69: - | AB69: - | AC69: app | AD69: v25.8.0
B70: 이벤트 배너 - 내 생일 | H70: - | I70: - | AB70: - | AC70: app | AD70: v25.8.0
C71: 내 생일 배너 표시 | H71: - | I71: - | AB71: - | AC71: app | AD71: v25.8.0
D72: 생일 알림 ON | F72: 1. 설정> 내 정보 관리> 생일 알림 ON 2. 계정 내 테스트 당일 날짜로 생년월일 등록 3. 클라-서버 간 성년의 날 정보 싱크 완료 4. 친구탭에서 이벤트 배너 영역 확인 ㄴ 위치: 비즈보드와 친구 목록 진입점 사이 *이벤트 배너 종류: - 친구칩 : 내 생일 - 소식칩 : 어드민 설정(성년의 날, 이슈데이) 등 | G72: 4. 생일 축하 확장형 배너가 표시됨 - 메인 문구 : '생일 축하합니다' - 서브 문구 : '(내이름)님, 행복 가득한 하루 보내세요!' - 배너 인터랙션: 어드민에서 링크 설정한 경우 랜딩 ㄴ 배너 임의 영역 탭 시 랜딩 | AB72: 1 | AC72: app | AD72: v26.5.0 | AF72: 프로필 명이 긴 경우 말줄임 노출
A73: 친구의 생일 | H73: - | I73: - | AB73: - | AC73: app | AD73: v25.8.0
B74: 표시 영역 별 확인 : 오늘의 친구 | G74: SPEC OUT (생일인 친구 섹션으로 대체)
C75: [생일인 친구] 슬롯 | F75: 1. 친구 생일 있음 (과거 7일~미래 7일) 2. 생일인 친구 슬롯 탭 | G75: 1. 오늘의 친구 첫번째 슬롯으로 [생일인 친구n] 표시됨 2. 생일인 친구로 랜딩 (복귀시 친구탭으로 랜딩) | AG75: 25년 11차 친구탭 구조 개선 작업으로 인해 spec out
C76: 개별 생일 슬롯 | F76: 1. 친구H가 생일 등록 및 생일 친구 노출 옵션 ON 2. 친구H의 생일 당일 자정 경과 3. 오친⨠ 오생친 슬롯 표시 확인 | G76: 3. 친구H가 오늘의 친구에 슬롯으로 표시됨 ㄴ 빨간점: 슬롯 내 프사 좌상단 ㄴ 케익 아이콘: 슬롯 내 프사 우하단 | AG76: 25년 11차 친구탭 구조 개선 작업으로 인해 spec out
B77: 표시 영역 별 확인 : 친구칩 | H77: - | I77: - | AB77: - | AC77: app | AD77: v25.8.0
C78: 생일인 친구 섹션 | F78: 1. 친구칩 > [생일인 친구 n] 에서 화면 구성 확인 2. [선물하기] 버튼 탭 | G78: 1. 생일인 친구 목록 최대 5명 표시됨 - 타이틀: 생일인 친구 nn 오늘 생일인 친구 [프사/이름/🎂/오늘/고마운친구 문구] [선물하기] [프사/이름/🎂/오늘/고마운친구 문구] [선물하기] . . 어제 생일인 친구 (생일이 오늘인 친구 4명 이하인 경우 표시) [프사/이름/날짜/고마운친구 문구] [선물하기] [프사/이름/날짜/고마운친구 문구] [선물하기] . . 3. 생일인 친구 정보가 포함된 선물하기 홈이 표시됨 *고마운친구 문구는 선물 이력이 있는 경우에만 표시 | AB78: 2 | AC78: app | AD78: _x0008_v26.5.0
C79: 생일인 친구 더보기 | F79: 1. 친구칩 > [생일인 친구 n] > [친구의 생일을 확인해 보세요. n>] 진입 2. [선물하기] 버튼 탭 | G79: 1. 생일인 친구 전체 목록이 표시됨 [< (뒤로] 생일인 친구 오늘 생일 날짜 [프사/이름/🎂] [선물하기] [프사/이름/🎂] [선물하기] . . 지난 생일 날짜 [프사/이름] [선물하기] . . 다가오는 생일 날짜 [프사/이름] [선물하기] 날짜 [프사/이름] [선물하기] . . 2. 생일인 친구 정보가 포함된 선물하기 홈이 표시됨 | AB79: 2 | AC79: app | AD79: v26.5.0
B80: 표시 영역 별 확인 : 서제스트 카드 - 생일인 친구 | H80: - | I80: - | AB80: - | AC80: app | AD80: v25.8.0
C81: (참고사항) 갱신 | F81: 클라 API GateWay 연결된 경우 필스너 푸시 그 외 less_settings + 생일 변경하는 케이스 | H81: - | I81: - | AB81: - | AC81: app | AD81: v25.8.0
C82: 전체 UI | F82: 1. 타임라인의 생일인 친구 서제스트 카드 표시 확인 2. 서제스트 카드 인터랙션 확인 - 버튼 : 톡 보내기 아이콘, [선물하기] | G82: 1. 테스트 당일 기준 D+2~D-7 기간 내 생일인 친구 모두 노출되며 오늘 생일인 친구부터 노출됨 2. 버튼별로 랜딩함 - 톡 보내기 아이콘 : 1:1 채팅방 (복귀는 챗목록) - [선물하기] 버튼 : 생일인 친구 정보가 포함된 선물하기 홈 | AB82: 2 | AC82: app | AD82: v26.2.0 | AF82: (bono,26/1) 소식칩에서 확인
A83: 설정(친구칩, 소식칩 공통) | H83: - | I83: - | AB83: - | AC83: app | AD83: v25.11.0
A84: 설정 진입 | H84: - | I84: - | AB84: - | AC84: app | AD84: v25.11.0
B85: 친구칩에서 설정 진입 | F85: 친구칩> 설정> context menu 노출 확인 | G85: context menu 항목 [멀티프로필] [친구 목록 편집] [친구 관리] [전체 설정] | AB85: 3 | AC85: app | AD85: v26.2.0
B86: 소식칩에서 설정 진입 | F86: 소식칩> 설정> context menu 노출 확인 | G86: context menu 항목 [멀티프로필] [친구 관리] [전체 설정] | AB86: 3 | AC86: app | AD86: v26.2.0
A87: 멀티프로필 | F87: 1. 멀티프로필 목록> [+멀티프로필 만들기] 버튼 탭 2. 멀프1 생성 완료 후 프로필 목록 화면 확인 *멀프가 이미 3개 있는 경우 만들기 버튼 표시 안됨 | G87: 1. 멀티 프로필 생성 flow에 진입 2. 멀티프로필 목록에 멀프1이 리스팅돼 있음 *친구탭> 내프로필 영역에는 표시 안됨 | AB87: 1 | AC87: app | AD87: v25.8.0
A88: ‼️친구칩 ONLY 친구 목록 편집 (친구 편집 모드에서 편집) | H88: - | I88: - | AB88: - | AC88: app | AD88: v25.11.0
B89: 친구 편집 모드 진입 및 UI | F89: 친구칩> 설정> [친구 목록 편집] 버튼 탭 | G89: 친구 목록 편집 모드로 전환됨 [완료or뒤로(<)] 편집 [선택 해제](dimmed) (있는 경우) 즐겨찾는 친구 n 프사/이름/상메 [해제] [handle] 프사/이름/상메 [해제] [handle] . . ─────(devider)───── 친구 nnn [unchecked] 프사/이름/상메 [unchecked] 프사/이름/상메 [unchecked] 프사/이름/상메 . . [숨김] [삭제] [차단] (3개 모두 dimmed) *즐찾 친구가 1명이어도 handle 제공 *생친, 채널, 새로운친구, 친구리스트 정렬 옵션 비표시 | AB89: 4 | AC89: app | AD89: v25.11.0
B90: 친구 편집 모드에서 친구 편집 | H90: - | I90: - | AB90: - | AC90: app | AD90: v25.8.0
C91: 친구 단수 선택 | F91: 1. 친구 편집 모드에서 친구 목록의 슬롯을 1개 선택 2. 숨김, 차단, 삭제 동작 확인 | G91: 1. [숨김] [삭제] [차단] 버튼이 모두 활성화됨 2. 숨김(게시물, 친구 숨김), 차단, 삭제 정상 동작함 - 게시물 숨김 : 소식칩 내 해당 친구 게시물 미노출 처리, 친구 목록엔 노출 유지 - 친구 숨김 : 소식칩, 친구칩 모두 미노출 처리 - 차단 : 차단 친구 목록에 추가되며 해당 친구 메시지 수신되지 않음 - 삭제 : 친구 목록에서 삭제됨(비친구 상태로 변경) | AB91: 2 | AC91: app | AD91: v26.2.0
C92: 친구 다중 선택 | F92: 1. 편집 모드에서 친구 목록의 슬롯을 2개 이상 선택 2. 숨김, 차단, 삭제 동작 확인 *다중 선택 최대값 = 100명 | G92: 1. [숨김] [삭제] [차단] 버튼이 모두 활성화됨 2. 선택한 친구들의 숨김(게시물, 친구 숨김), 차단, 삭제 정상 동작함 | AB92: 2 | AC92: app | AD92: v26.2.0
C93: 참고사항 | D93: 삭제 가능한 친구수 초과 | F93: - | G93: 예외 case들은 메모에서 확인 | H93: - | I93: - | AB93: - | AC93: app | AD93: v25.8.0
B94: 즐겨찾기 해제/이동 | H94: - | I94: - | AB94: - | AC94: - | AD94: v25.8.0
C95: 즐찾 해제 | F95: 1. 친구 편집 모드 진입 2. 즐찾 친구F의 슬롯에서 [해제] 버튼 탭 | G95: 2. - 친구F의 슬롯이 즐찾 섹션에서 제거됨 - 친구F가 친구 섹션에 유지됨 - 해제 완료 toast "즐겨찾기에서 해제되었어요." *iOS에 toast 없음 | AB95: 2 | AC95: app | AD95: v25.8.0.1
C96: 즐찾 슬롯 이동 | F96: 1. 친구 편집 모드 진입 2. 즐찾 친구H의 슬롯의 handle을 상하로 이동 | G96: 2. handle을 터치 해제한 위치에 친구H가 정렬됨 | AB96: 3 | AC96: app | AD96: v25.8.0
A97: 친구 관리 | H97: - | I97: - | AB97: - | AC97: app | AD97: v25.8.0
B98: 진입 | H98: - | I98: - | AB98: - | AC98: app | AD98: v25.8.0
C99: 친구 설정 페이지 진입 | F99: 친구칩 or 소식칩> 설정> [친구 관리] 선택 | G99: 친구 관리 페이지로 이동 ([전체 설정]-[친구] 항목과 같은 페이지) | AB99: 4 | AC99: app | AD99: v25.11.0
C100: UI | F100: 친구 관리 페이지의 전체 리스트 항목 확인 | G100: 친구관리 페이지 전체 리스트 구성 [뒤로(<)] 친구 친구 추가 [자동 친구 추가] [toggle(가입 단계 중 설정한 값)] [친구 목록 새로고침] / [수동동기화] - 최종 추가시간 표시됨 친구 이름 표시 [연락처 이름 가져오기] [toggle(가입 단계 중 설정한 값)] [친구 이름 동기화] [toggle(default=OFF)] 친구 등록 관리 [전화번호로 친구 추가 허용] [toggle(defatul=ON)] [친구 추천 허용] [toggle(default=ON)] 친구 관리 [숨김친구 관리] [차단친구 관리] 친구 보기 설정 [기억할 친구 보기] [toggle(default=ON)] | AB100: 4 | AC100: app | AD100: v25.8.0
...

Sheet 3.프로필
A1: 담당자 : sophia.0 | AG1: =COUNTIF(AG5:AG393, "?*") -> 0
A2: 분류1 | B2: 분류2 | C2: 분류3 | D2: 분류4 (기능) | E2: 사전 조건 | F2: Test Step (체크할 항목) | G2: 기대결과 | H2: 6 | I2: 6 | AB2: 분류 | AE2: Comment & Jira | AF2: Spec & Tip | AG2: TC Review | AH2: Memo
H3: =IF(COUNTIF('리그레션 플랜'!C12:D12, "a15"), "a15", IF(COUNTIF('리그레션 플랜'!C12:D12, "a16"), "a16", "")) -> a16 | I3: =IF(COUNTIF('리그레션 플랜'!C12:D12, "i18"), "i18", IF(COUNTIF('리그레션 플랜'!C12:D12, "i26"), "i26", "")) -> i18 | AB3: =COUNTIF($AB5:$AB372, "<=" & MAX('입력값'!$L$3:$L393)) -> 114 | AD3: v25.9.0 | AE3: 작성 : TE | 관리 : TE/QA | AF3: 작성 : TE & QA | 관리 : QA | AG3: 작성 : TE | 관리 : QA | AH3: 작성 : anyone | 관리 : 작성자
AF4: 스펙 및 테스트팁 | AG4: TE가 TC 수정 요청 및 문의, QA가 반영 완료 후 삭제 | AH4: 테스트 진행 중 필요한 메모 입력
A5: 내 프로필
A6: 프로필 편집 | AB6: - | AC6: app | AD6: v25.9.0
B7: 꾸미기 아이템 편집 | AB7: - | AC7: app | AD7: v25.9.0
C8: 데코 스티커 | AB8: - | AC8: app | AD8: v25.9.0
D9: 스티커 | F9: 데코 스티커 아이템 > 스티커 적용 및 편집 | G9: - 아이템 추가 및 이동, 제거 동작 - 스티커 최대 10개까지 적용 가능 | AB9: 1 | AC9: app | AD9: v25.9.0
D10: 배경효과 | F10: 데코 스티커 아이템 > 배경효과 적용 및 편집 | G10: - 아이템 추가 및 이동, 제거 동작 - 배경 효과 1개 적용 가능 | AB10: 1 | AC10: app | AD10: v25.9.0
C11: 인터렉션 스티커 | H11: - | I11: - | AB11: - | AC11: app | AD11: v25.9.0
D12: 링크 | F12: 인터렉션 스티커 > 링크 스티커 적용 및 편집 | G12: - 아이템 추가 및 이동, 제거 동작 - 링크 스티커 최대 5개까지 적용 가능 | AB12: 1 | AC12: app | AD12: v25.9.0
D13: 공감 | F13: 인터렉션 스티커 > 공감 스티커 적용 및 편집 | G13: - 아이템 추가 및 이동, 제거 동작 - 공감 스티커 최대 5개까지 적용 가능 | AB13: 1 | AC13: app | AD13: v25.9.0
E14: 리액션 | F14: 친구가 내 인터랙션 스티커 아이템에 리액션 | G14: - 친구가 보는 내 프로필 > 인티커 > 리액션 즉시 반영 | AB14: 1 | AC14: app | AD14: v25.9.0
E15: 리액션 확인 | F15: 친구의 리액션 발생시 내 프로필에서 확인 | G15: - 내 프로필 영역 프사 영역에 빨간점 노출 - 친구의 리액션이 내 프로필 뷰에 카운트되어 반영 | AB15: 1 | AC15: app | AD15: v25.9.0
C16: 텍스트 | H16: - | I16: - | AB16: - | AC16: app | AD16: v25.9.0
D17: 텍스트 | F17: 텍스트 아이템 적용 및 편집 | G17: - 아이템 추가 및 이동, 제거 동작 - 텍스트 편집(색상/정렬/폰트 등)이 반영 - 텍스트 아이템 최대 10개까지 적용 가능 | AB17: 1 | AC17: app | AD17: v25.9.0
D18: 이미지 클립보드 복사/붙여넣기 | F18: 이미지 클립보드 복사/붙여넣기 적용 및 편집 1. 이미지 복사 (android는 OS12 이상 가능) 2. 프로필 편집에서 텍스트 아이템 추가 3. 텍스트 입력 필드에서 붙여넣기 | G18: - 복사한 이미지가 사진 아이템 형식으로 붙여넣기 됨 - 아이템 추가 및 이동, 편집 가능 | AB18: 1 | AC18: app | AD18: v25.9.0
C19: 디데이 | F19: 디데이 아이템 적용 및 편집 | G19: 1. 아이템 추가 및 이동, 제거 동작 - 디데이 설정과 계산이 정확함 - 내 프로필 > 설정 > 프로필 설정 > 디데이에 목록에 노출 - 디데이 아이템 최대 10개까지 적용 가능 2. 프로필 홈 > 피드 영역 > 디제이 자동 생성 피드 - 디데이 추가 시 게시물로 발행 ON/OFF 설정에 따라 디데이 자동 생성 피드 추가 또는 추가 안됨 - 친구에게만 게시물 공개 ON/OFF 설정에 따라 디폴트 공개 범위 설정 됨 - 프로필 업데이트를 나만 보기 ON/OFF 설정에 따라 디폴트 공개 범위 설정 됨 | AB19: 1 | AC19: app | AD19: v25.9.0
C20: 뮤직 | H20: - | I20: - | AB20: - | AC20: app | AD20: v25.9.0
D21: 뮤직 | F21: 뮤직 아이템 적용 및 편집 | G21: 1. 아이템 추가 및 이동, 제거 동작 - 뮤직 아이템 최대 1개 적용 가능 - 뮤직 아이템 미노출 케이스 ㄴ 해외번호 가입자 미노출 ㄴ 사이즈가 작은 뮤직아이템에서 제목 말줄임 처리 및 아티스트 미표시될 수 있음 2. 프로필 홈 > 피드 영역 > 뮤직 자동 생성 피드 추가 됨 - 대표곡 외 등록/변경 시 뮤직 피드 자동 생성 안됨 - 친구에게만 게시물 공개 ON/OFF 설정에 따라 디폴트 공개 범위 설정 됨 - 프로필 업데이트를 나만 보기 ON/OFF 설정에 따라 디폴트 공개 범위 설정 됨 | AB21: 1 | AC21: app | AD21: v25.9.0
D22: 뮤직 리스트 편집 | F22: 뮤직 아이템 > 뮤직리스트 편집 (찜/재생 버튼 외 영역 탭) | G22: - 편집한 내용이 뮤직리스트에 반영 - 리스트의 첫번째 곡이 프로필 뮤직 아이템에 표시 - 리스트의 첫번째 곡이 친구탭 뮤직뱃지에 표시 - 마이뮤직 > 프로필뮤직과 sync - 최대값 : 30개. 초과시 오래된 순으로 자동 삭제 - 설정 불가 : 19금, 권리사 제한곡 | AB22: 1 | AC22: app | AD22: v25.9.0 | AF22: (rachel, 26/5) 친구탭 > 친구 목록에 뮤직 제거됨 (25/8차)
C23: 이모티콘 | F23: 이모티콘 아이템 적용 및 편집 | G23: - 아이템 추가 및 이동, 제거 동작 - 이모티콘 아이템 최대 5개까지 적용 가능 | AB23: 1 | AC23: app | AD23: v25.9.0
B24: 이름 편집 | F24: 이름 적용 및 편집 | G24: - 설정한 이름이 프로필에 반영 됨 | AB24: 1 | AC24: app | AD24: v25.9.0
B25: 상태메시지 편집 | F25: 상태메시지 적용 및 편집 | G25: 1. 설정한 상태메시지가 프로필에 반영 - 프로필뷰에서 최대 10줄까지 표시+말줄임 2.프로필 홈 > 피드 영역 > 상메 자동 생성 피드 추가 됨 - 친구에게만 게시물 공개 ON/OFF 설정에 따라 디폴트 공개 범위 설정 됨 - 프로필 업데이트를 나만 보기 ON/OFF 설정에 따라 디폴트 공개 범위 설정 됨 | AB25: 1 | AC25: app | AD25: v25.9.0
B26: 프사/배사 편집 | H26: - | I26: - | AB26: - | AC26: app | AD26: v25.9.0
C27: 프로필 사진 편집 | H27: - | I27: - | AB27: - | AC27: app | AD27: v25.9.0
D28: 앨범에서 사진/동영상 선택 | H28: - | I28: - | AB28: - | AC28: app | AD28: v25.9.0
E29: 사진 설정 | F29: 이미지 파일로 프로필 사진 편집 (gif 포함) | G29: 1. 편집한대로 프로필 사진이 설정 됨 - gif 등록 시 동영상으로 설정 2. 프로필 홈 > 피드 영역 > 프사 자동 생성 피드 추가 됨 - 친구에게만 게시물 공개 ON/OFF 설정에 따라 디폴트 공개 범위 설정 됨 - 프로필 업데이트를 나만 보기 ON/OFF 설정에 따라 디폴트 공개 범위 설정 됨 | AB29: 1 | AC29: app | AD29: v25.9.0
E30: 동영상 설정 | F30: 동영상 파일로 프로필 사진 편집 | G30: 1. 편집한대로 프로필 동영상이 설정 됨 2. 프로필 홈 > 피드 영역 > 프사 자동 생성 피드 추가 됨 - 친구에게만 게시물 공개 ON/OFF 설정에 따라 디폴트 공개 범위 설정 됨 - 프로필 업데이트를 나만 보기 ON/OFF 설정에 따라 디폴트 공개 범위 설정 됨 | AB30: 1 | AC30: app | AD30: v25.9.0
E31: 동영상 사운드 처리 | F31: 프로필 동영상 사운드 처리 확인 | G31: - 프로필 편집 화면 동영상 편집 시 기기 셋팅 따라감 - 내 프로필 > 프로필 동영상 소리 디폴트 미출력 - 프로필 동영상 상세보기 > 소리 디폴트 OFF > 소리 아이콘 선택 > 프로필 편집 시 설정에 따라 동작 - 프로필 홈 > 피드 영역 > 프사 자동 생성 피드 추가 됨 | AB31: 1 | AC31: app | AD31: v25.9.0
E32: 동영상 자동 재생 | F32: 프로필 동영상의 자동 재생 처리 | G32: 더보기 > 설정 > 기타 > 동영상 자동 재생 설정 따라감 | AB32: 1 | AC32: app | AD32: v25.9.0
D33: 커스텀 프로필 만들기 | F33: 커스텀 프로필로 프로필 사진 편집 | G33: 편집한대로 프로필 사진이 설정 됨 | AB33: 1 | AC33: app | AD33: v25.9.0
C34: 프로필 배경 편집 | H34: - | I34: - | AB34: - | AC34: app | AD34: v25.9.0
D35: 앨범에서 사진/동영상 선택 | H35: - | I35: - | AB35: - | AC35: app | AD35: v25.9.0
E36: 사진 설정 | F36: 이미지 파일로 배경 편집 (gif 포함) | G36: 1. 편집한대로 프로필 배경이 설정 됨 - gif 등록 시 동영상으로 설정 2. 프로필 홈 > 피드 영역 > 배사 자동 생성 피드 추가 됨 - 친구에게만 게시물 공개 ON/OFF 설정에 따라 디폴트 공개 범위 설정 됨 - 프로필 업데이트를 나만 보기 ON/OFF 설정에 따라 디폴트 공개 범위 설정 됨 | AB36: 1 | AC36: app | AD36: v25.9.0
E37: 동영상 설정 | F37: 동영상 파일로 배경 편집 | G37: 1. 편집한대로 배경 동영상이 설정 됨 2. 프로필 홈 > 피드 영역 > 배사 자동 생성 피드 추가 됨 - 친구에게만 게시물 공개 ON/OFF 설정에 따라 디폴트 공개 범위 설정 됨 - 프로필 업데이트를 나만 보기 ON/OFF 설정에 따라 디폴트 공개 범위 설정 됨 | AB37: 1 | AC37: app | AD37: v25.9.0
E38: 동영상 사운드 처리 | F38: 배경 동영상의 사운드 처리 | G38: - 프로필 편집 화면 동영상 편집 시 기기 셋팅 따라감 - 내 프로필 > 배경 동영상 소리 디폴트 미출력 - 배경 동영상 상세보기 > 소리 디폴트 OFF > 소리 아이콘 선택 > 프로필 편집 시 설정에 따라 동작 | AB38: 1 | AC38: app | AD38: v25.9.0
E39: 동영상 자동 재생 | F39: 배경 동영상의 자동 재생 처리 | G39: - 더보기 > 설정 > 기타 > 동영상 자동 재생 설정 따라감 - 동영상 자동 재생 시 : 내프로필 > 배경 동영상 > 재생 버튼 미노출 - 동영상 자동 재생 아닐 시 : 내 프로필 > 배경 동영상 > 재상 버튼 노출되고, 재생 버튼 선택 시 영상 재생 | AB39: 1 | AC39: app | AD39: v25.9.0
D40: 일러스트/색상 선택 | F40: 일러스트 및 색상으로 배경 사진을 편집 | G40: - 편집한대로 프로필 배경이 설정 됨 | AB40: 1 | AC40: app | AD40: v25.9.0
A41: 프로필 홈 | H41: - | I41: - | AB41: - | AC41: app | AD41: v25.9.0
B42: 프로필 뷰 | H42: - | I42: - | AB42: - | AC42: app | AD42: v25.9.0
C43: 프로필 사진 | H43: - | I43: - | AB43: - | AC43: app | AD43: v25.9.0
D44: 동영상 사운드 처리 | F44: 프로필 동영상 사운드 처리 확인 | G44: - 프로필 홈 > 프로필 동영상 디폴트 소리 미출력 - 프로필 동영상 상세보기 > 소리 디폴트 OFF > 소리 아이콘 선택 > 프로필 편집 시 소리 ON/OFF 설정에 따라 동작 | AB44: 1 | AC44: app | AD44: v25.9.0
D45: 동영상 자동 재생 | F45: 프로필 동영상의 자동 재생 처리 | G45: - 더보기 > 설정 > 기타 > 동영상 자동 재생 설정 따라감 | AB45: 1 | AC45: app | AD45: v25.9.0
C46: 배경 | H46: - | I46: - | AB46: - | AC46: app | AD46: v25.9.0
D47: 동영상 사운드 처리 | F47: 배경 동영상의 사운드 처리 | G47: - 프로필 홈 > 프로필 동영상 디폴트 소리 미출력 - 프로필 동영상 상세보기 > 소리 디폴트 OFF > 소리 아이콘 선택 > 프로필 편집 시 소리 ON/OFF 설정에 따라 동작 | AB47: 1 | AC47: app | AD47: v25.9.0
D48: 동영상 자동 재생 | F48: 배경 동영상의 자동 재생 처리 | G48: - 더보기 > 설정 > 기타 > 동영상 자동 재생 설정 따라감 - 동영상 자동 재생 시 : 프로필 > 배경 동영상 > 재생 버튼 미노출 - 동영상 자동 재생 아닐 시 : 프로필 > 배경 동영상 > 재생 버튼 노출되고, 버튼 선택 시 영상 재생 | AB48: 1 | AC48: app | AD48: v25.9.0
C49: 뮤직리스트 | 담당자: ssoya.may | F49: 내 프로필 > 뮤직 아이템 > 뮤직리스트의 동작 확인 (편집/마이뮤직 버튼, 내 프로필뮤직 정보/더보기 버튼, 곡항목/찜버튼/더보기 버튼, 추천곡 영역 등) | G49: 버튼의 표시와 기능이 정상 동작 함 - 편집 : 프로필 뮤직 편집 화면 랜딩 - 마이뮤직 : 마이뮤직 화면 랜딩 - 내 프로필뮤직 더보기 : 메뉴 표시 (항목 정상 동작 확인) - 앨범커버 : 곡 상세 화면 랜딩 - 곡정보 : 해당 곡 재생 시작 - 찜버튼 : 찜목록에 추가or삭제 - 더보기 버튼 : 메뉴 표시 (항목 정상 동작 확인) - 추천곡 영역 ㄴ 앨범커버 및 곡수 선택시 상세 화면 랜딩 ㄴ [내프로필 뮤직과 어울리는 음악 듣기] 추천곡 재생 | AB49: 1 | AC49: app | AD49: v25.9.0
C50: 프로필 내 버튼 동작 | F50: 내 프로필 내 버튼들의 동작 확인 - 상단 버튼 : 닫기, 프로필 편집, 더보기 - 하단 버튼 : 나와의 채팅, 새 게시물 - 꾸미기 아이템 : 인티커 아이템, 뮤직 아이템 버튼 - 배사/프사 상세보기 | G50: 버튼의 표시와 랜딩이 정상 동작함 | AB50: 1 | AC50: app | AD50: v25.9.0
C51: 더보기 메뉴 | H51: - | I51: - | AB51: - | AC51: app | AD51: v25.9.0
D52: 메뉴 노출 | F52: 내 프로필 > 더보기 메뉴 동작 확인 | G52: 메뉴 노출 및 랜딩 정상 동작함 - 메뉴 : 프로필 공유, 디데이 설정, 저장한 게시물, 펑 보관함, 설정 | AB52: 1 | AC52: app | AD52: v25.9.0
D53: 프로필 공유 | F53: 프로필 공유 화면 진입 및 동작 확인 | G53: - (디폴트) 프로필 공유 화면 진입 및 정상 동작 ㄴ 프로필 카드 노출 됨 ㄴ QR 코드 갱신 정상 동작 ㄴ 공유 정상 동작 ㄴ 저장 정상 동작 - 코드스캔 화면 진입 및 정상 동작 ㄴ QR 코드 스캔 정상 동작 ㄴ QR 이미지 업로드 정상 동작 - 송금코드 화면 진입 및 정상 동작 ㄴ 송금 QR 노출 됨 ㄴ 받을 금액 입력 정상 동작 ㄴ 코드 링크 복사 정상 동작 ㄴ 공유 정상 동작 ㄴ 저장 정상 동작 | AB53: 1 | AC53: app | AD53: v25.9.0 | AF53: (sophia, 26/6) 빌링패스 계정이 없어 송금코드 제외하고 확인해 주세요
D54: 디데이 설정 | F54: 디데이 화면 진입 및 동작 확인 | G54: - 새로운 디데이 추가 시 추가 됨 - 디데이 목록 순서 변경 시 반영 됨 - 나의 디데이 목록, 프로필에 적용된 디데이 목록 노출 됨 | AB54: 1 | AC54: app | AD54: v25.9.0
D55: 저장한 게시물 | F55: 저장 화면 진입 및 동작 확인 | G55: - 포스트 탭 ㄴ 저장한 포스트 없을 시 : 빈 화면 문구 노출 됨 ㄴ 저장한 포스트 있을 시 : 포스트 목록 저장 최신순으로 노출 됨 - 숏폼 탭 ㄴ 저장한 숏폼 없을 시 : 빈 화면 문구 노출 됨 ㄴ 저장한 숏폼 있을 시 : 숏폼 목록 저장 최신 순으로 노출 됨 | AB55: 1 | AC55: app | AD55: v25.9.0
D56: 펑 보관함 | F56: 펑 보관함 진입 및 동작 확인 | G56: - 생성한 펑 없을 시 ㄴ [만들기] 버튼과 함께 빈 화면 가이드 문구 노출 됨 ㄴ 펑 만들기 완료 시 기본 프로필 펑으로 발행됨 - 생성한 펑 있을 시 ㄴ 생성한 모든 펑 최신 순으로 날짜 태그와 함께 노출 됨(기본 프로필, 멀티 프로필에서 발행한 펑 모두 노출) | AB56: 1 | AC56: app | AD56: v25.9.0
B57: 새 게시물 올리기 | H57: - | I57: - | AB57: - | AC57: app | AD57: v25.9.0
C58: 게시물 | H58: - | I58: - | AB58: - | AC58: app | AD58: v25.9.0
D59: 일반 게시물 | F59: 내 프로필 > 새 게시물 > 에디터 진입 및 동작 확인 - 하단 플로팅 메뉴 '게시물' 선택 > 미디어 피커 > 미디어 선택 | G59: 편집 및 게시물 등록 정상 동작함 - 첨부한 미디어 노출 확인 ㄴ 사진/동영상 편집기 > 편집 정상 동작 됨 - 게시물 소개 입력 확인 - 링크 추가 정상 동작 확인 ㄴ 링크 입력 됨 ㄴ 링크 미리보기 동작 됨 - 위치 추가 정상 동작 확인 ㄴ 첨부된 미디어 위치 정보 추출 가능 시 : 추천 버블 노출 됨 : 위치 검색 창 > 미디어 촬영 위치의 장소 검색 결과 노출 됨 ㄴ 첨부된 사진 위치 정보 추출 불가 시 : 추천 버블 미노출 됨 : 위치 검색 창 > 현재 위치의 장소 검색 결과 노출 됨 ㄴ 위치 검색 창 > 장소 검색 및 [현재 위치] 버튼 정상 동작됨 > 검색 결과 선택 시 위치 추가 됨 - 공개 범위 설정 정상 동작 확인 ㄴ 전체, 내 친구, 친한 친구, 나만 보기 설정 됨 ㄴ 친한 친구 > 친한 친구 추가 동작 됨 - 댓글 허용 > ON/OFF 설정 동작 됨 (디폴트 ON) - AI 콘텐츠 > ON/OFF 설정 동작됨 (디폴트 OFF) - [올리기] 버튼 선택 시 게시물 등록 확인 ㄴ 기본 프로필 홈 > 피드 영역 > 해당 게시물 노출 됨 ㄴ 편집한대로 게시물 설정 반영 됨 | AB59: 1 | AC59: app | AD59: v25.9.0 | AF59: (bono,26/1) 위치 권한 허용 후 위치 정보 추출시 추천버블은 에디터 화면 재진입시 노출됨
D60: ChatGPT 템플릿 게시물 📌테스트 참고사항 확인 후 수행해 주세요! | F60: 내 프로필 > 새 게시물 > 에디터 진입 및 동작 확인 - 하단 플로팅 메뉴 '게시물' 선택 > 미디어 피커 > ChatGPT 템플릿 선택 > 미디어 선택 | G60: 편집 및 게시물 등록 정상 동작함 - 생성 완료된 ChatGPT 이미지 노출 확인 ㄴ 이미지 편집 정상 동작 - 게시물 소개 입력 확인 - 링크 추가 정상 동작 확인 ㄴ 링크 입력 됨 ㄴ 링크 미리보기 동작 됨 - 위치 추가 정상 동작 확인 ㄴ 첨부된 미디어 위치 정보 추출 가능 시 : 추천 버블 노출 됨 : 위치 검색 창 > 미디어 촬영 위치의 장소 검색 결과 노출 됨 ㄴ 첨부된 사진 위치 정보 추출 불가 시 : 추천 버블 미노출 됨 : 위치 검색 창 > 현재 위치의 장소 검색 결과 노출 됨 ㄴ 위치 검색 창 > 장소 검색 및 [현재 위치] 버튼 정상 동작됨 > 검색 결과 선택 시 위치 추가 됨 - 공개 범위 설정 정상 동작 확인 ㄴ 전체, 내 친구, 친한 친구, 나만 보기 설정 됨 ㄴ 친한 친구 > 친한 친구 추가 동작 됨 - 댓글 허용 > ON/OFF 설정 동작 됨 (디폴트 ON) - AI 콘텐츠 > ON/OFF 설정 불가 (디폴트 ON) - [올리기] 버튼 선택 시 게시물 등록 확인 ㄴ 기본 프로필 홈 > 피드 영역 > 해당 게시물 노출 됨 | AB60: 1 | AC60: app | AD60: v26.6.0
D61: 카나나 템플릿 게시물 | F61: 내 프로필 > 새 게시물 > 에디터 진입 및 동작 확인 - 하단 플로팅 메뉴 '게시물' 선택 > 미디어 피커 > 카나나 템플릿 선택 > 미디어 선택 | G61: 편집 및 게시물 등록 정상 동작함 - 생성 완료된 카나나 영상 노출 확인 ㄴ 영상 편집 미지원 - 게시물 소개 입력 확인 - 링크 추가 정상 동작 확인 ㄴ 링크 입력 됨 ㄴ 링크 미리보기 동작 됨 - 위치 추가 정상 동작 확인 ㄴ 첨부된 미디어 위치 정보 추출 가능 시 : 추천 버블 노출 됨 : 위치 검색 창 > 미디어 촬영 위치의 장소 검색 결과 노출 됨 ㄴ 첨부된 사진 위치 정보 추출 불가 시 : 추천 버블 미노출 됨 : 위치 검색 창 > 현재 위치의 장소 검색 결과 노출 됨 ㄴ 위치 검색 창 > 장소 검색 및 [현재 위치] 버튼 정상 동작됨 > 검색 결과 선택 시 위치 추가 됨 - 공개 범위 설정 정상 동작 확인 ㄴ 전체, 내 친구, 친한 친구, 나만 보기 설정 됨 ㄴ 친한 친구 > 친한 친구 추가 동작 됨 - 댓글 허용 > ON/OFF 설정 동작 됨 (디폴트 ON) - AI 콘텐츠 > ON/OFF 설정 불가 (디폴트 ON) - [올리기] 버튼 선택 시 게시물 등록 확인 ㄴ 기본 프로필 홈 > 피드 영역 > 해당 게시물 노출 됨 | AB61: 1 | AC61: app | AD61: v26.1.0
C62: 펑 | F62: 내 프로필 > 새 게시물 > 에디터 진입 및 동작 확인 - 하단 플로팅 메뉴 '펑' 선택 | G62: 편집 및 펑 발행 정상 동작함 - 펑 미발행 ㄴ 프로필 홈 > 프로필 사진 > 펑 보더라인 미노출 됨 ㄴ 프로필 사진 선택 시 프사 뷰어 진입됨 - 펑 발행 시 ㄴ 프로필 홈 > 프로필 사진 > 펑 보더라인 노란색 노출 됨 ㄴ 프로필 사진 선택 시 펑 뷰 진입 됨 (미조회 펑부터 재생) ㄴ 프로필 사진 롱탭 시 프사 뷰어 진입 됨 - 펑 발행 > 펑뷰 진입 후 ㄴ 프로필 홈 > 프로필 사진 > 펑 보더라인 회색 노출 됨 ㄴ 프로필 사진 선택 시 펑 뷰 진입 됨 ㄴ 프로필 사진 롱탭 시 프사 뷰어 진입 됨 | AB62: 1 | AC62: app | AD62: v25.9.0
B63: 피드 영역 | H63: - | I63: - | AB63: - | AC63: app | AD63: v25.9.0
C64: 피드 목록 | F64: 피드 목록 노출 및 동작 확인 | G64: - 최신순 정렬로 노출 됨 (게시물, 자동 생성 피드 포함) - 피드 탭 시 상세 화면 진입 됨 - 스크롤 시 프로필 홈, 피드 영역 이동 됨 ㄴ 스크롤 아래로 이동 > 피드 목록만 노출 > 상단 [닫기], [나와의 채팅], [새 게시물] 퀵 버튼 노출 ㄴ 스크롤 위로 이동 > 프로필 홈 노출, 상단 퀵 버튼 사라짐 - 아이콘 표시 됨 ㄴ 사진 1개 첨부된 게시물 : 아이콘 미표시 ㄴ 동영상 1개 첨부된 게시물 : 재생 아이콘 표시 ㄴ 사진/동영상 여러개 첨부된 게시물 : 멀티콘텐츠 아이콘 표시 - 공개 범위 라벨 표시 됨 ㄴ 전체공개 : 미표시 ㄴ 친구공개 : 미표시 ㄴ 친한친구 공개 : 친한 친구 ㄴ 나만보기 : 나만 보기 | AB64: 1 | AC64: app | AD64: v25.9.0
C65: 롱탭 메뉴 동작 | H65: - | I65: - | AB65: - | AC65: app | AD65: v25.9.0
D66: 게시물 | F66: 게시물 피드 > 롱탭 메뉴 노출 및 동작 | G66: - 메뉴 노출 ㄴ 전체 공개 피드 : 고정하기/고정 해제, 공유하기 ㄴ 친구 공개 피드 : 고정하기/고정 해제 ㄴ 친한 친구 공개 피드 : 고정하기/고정 해제 ㄴ 나만 보기 피드 : 메뉴 미노출 - 고정하기/고정 해제 정상 동작 ㄴ 게시글 고정 3개 초과 시 고정 불가 얼럿 ㄴ 고정된 피드 고정된 순서대로 정렬, 썸네일에 핀 아이콘 노출 - 공유하기 정상 동작 (전체 보기 피드) ㄴ 공유 대상 선택 화면 > 톡으로 공유 정상 동작됨 | AB66: 1 | AC66: app | AD66: v25.9.0
D67: 자동 생성 피드 | F67: 자동 생성 피드 > 롱탭 메뉴 노출 및 동작 | G67: - 메뉴 노출 ㄴ 전체 공개 피드 : 고정하기/고정 해제 ㄴ 친구 공개 피드 : 고정하기/고정 해제 ㄴ 친한 친구 공개 피드 : 고정하기/고정 해제 ㄴ 나만 보기 피드 : 메뉴 미노출 - 고정하기/고정 해제 정상 동작 ㄴ 게시글 포함하여 고정 3개 초과 시 고정 불가 얼럿 ㄴ 고정된 피드 고정된 순서대로 정렬, 썸네일에 핀 아이콘 노출 | AB67: 1 | AC67: app | AD67: v25.9.0
B68: 피드 상세 화면 | H68: - | I68: - | AB68: - | AC68: app | AD68: v25.9.0
C69: 게시물 | H69: - | I69: - | AB69: - | AC69: app | AD69: v25.9.0
D70: UI 및 화면 동작 | F70: 피드 상세 화면 내 UI 및 동작 확인 | G70: - 상단 버튼 [X], 동영상 컨텐츠일 경우 [음소거] - 화면 내 동작 ㄴ 상/하 스크롤 시 이전/다음 게시물로 이동됨 ㄴ 멀티 컨텐츠 좌/우 스와이프 시 이전/다음 컨텐츠 이동됨 ㄴ 동영상 컨텐츠 화면 탭 시 재생/일시 정지됨 - 우측 기능 버튼 노출 ㄴ 게시물 : 좋아요, 댓글, 공유, 저장, 더보기 (공유 버튼 전체 공개 피드에서만 노출) ㄴ 자동 생성 피드 : 좋아요, 댓글, 더보기 - 작성자 프로필 정보 노출, 공개 범위 표시 됨 ㄴ 전체 공개 피드 : 공개 범위 미표시 ㄴ 친구 공개 피드 : 공개 범위 '친구 공개' 표시 됨 ㄴ 친한 친구 공개 피드 : 공개 범위 '친한 친구 >' 표시, 선택 시 친한 친구 목록 노출 됨 ㄴ 나만 보기 피드 : 공개 범위 '나만보기' 표시 됨 - 설명, 게시 시간, 링크, 위치 정보, AI 콘텐츠 표시 등 편집 시 입력 정보 정상 노출 ㄴ 자동 생성 피드 중 프사/배사/상메/뮤직 피드의 경우 시간 정보 오른쪽 '프로필 업데이트' 표시 됨 ㄴ 미입력 시 미노출 ㄴ 설명 선택 시 전체 화면으로 노출 (디폴트 접힌 상태) | AB70: 1 | AC70: app | AD70: v25.9.0
D71: 좋아요 동작 | F71: 게시물 피드 상세 화면 내 좋아요 동작 | G71: - 좋아요/좋아요 취소 및 카운트 정상 동작됨 - 카운트 선택 시 좋아요한 멤버 목록 노출됨 | AB71: 1 | AC71: app | AD71: v25.9.0
D72: 댓글/답글 동작 | F72: 게시물 피드 상세 화면 내 댓글/답글 동작 | G72: - 전체 공개, 친구 공개, 친한 친구 공개 피드 ㄴ 댓글/답글 텍스트, 이모티콘 등록/삭제 및 카운트 정상 동작됨 (댓글, 답글 통합 카운트) ㄴ 댓글/답글 좋아요/좋아요 취소 및 카운트 정상 동작됨 - 나만 보기 피드 ㄴ 댓글/답글 등록 불가, 삭제 및 카운트 정상 동작됨 (댓글, 답글 통합 카운트) ㄴ 댓글/답글 좋아요/좋아요 취소 불가 | AB72: 1 | AC72: app | AD72: v25.9.0 | AF72: (bono,26/1) 나만보기 외 피드 > 댓글/답글 등록 > 나만보기 로 수정 > 댓글/답글 삭제 확인
D73: 공유하기 동작 | F73: 게시물 피드 상세 화면 내 공유하기 동작 | G73: - 나에게/친구/채팅방 전달 정상 동작 됨 - 피드 공유 말풍선 대표 이미지 노출 및 [게시물 보기] 버튼 탭 시게시물 상세 화면 이동 됨 | AB73: 1 | AC73: app | AD73: v25.9.0
D74: 저장/저장 해제 동작 | F74: 게시물 피드 상세 화면 내 저장/저장 해제 동작 | G74: - 저장/저장 해제 정상 동작됨 - 저장 후 스낵바 '목록보기' 선택 시 저장한 게시물 목록 이동됨 | AB74: 1 | AC74: app | AD74: v25.9.0
D75: 더보기 메뉴 동작 | F75: 게시물 피드 상세 화면 내 더보기 메뉴 노출 및 기능 동작 | G75: - 전체 공개 피드 메뉴 노출 및 정상 동작 ㄴ 고정, 수정, 삭제 - 친구 공개 피드 메뉴 노출 및 정상 동작 ㄴ 고정, 수정, 삭제 - 친한 친구 공개 피드 메뉴 노출 및 정상 동작 ㄴ 고정, 수정, 삭제 - 나만 보기 피드 메뉴 노출 및 정상 동작 ㄴ 수정, 삭제 | AB75: 1 | AC75: app | AD75: v25.9.0
C76: 펑 | F76: 펑 뷰 UI 및 동작 확인 | G76: - 상단 버튼 [X], 동영상 컨텐츠일 경우 [+펑 만들기], [음소거], [더보기] ㄴ 더보기 메뉴 : 기기에 저장하기, 펑 삭제하기 - 배경(사진/동영상/색상) 및 꾸미기 아이템 노출 ㄴ 모든 꾸미기 아이템 노출 및 동작 확인 ㄴ 인티커 > 친구 리액션 존재 > 빨점 노출 ㄴ 이모티콘 적용 시 '이모티콘' 아이콘 노출, 선택 시 이 펑의 이모티콘 목록 노출 됨 - 페이지 인디케이터 노출 및 동작 ㄴ 생성된 펑 순서, 개수에 맞춰 노출 ㄴ 펑 컨텐츠 탭해서 뷰어 진입 시 인디케이터도 해당 펑 컨텐츠와 동일한 위치에서 재생 ㄴ 노출 중인 펑 노출 시간 지나면 다음으로 이동 ㄴ 좌/우 영역 탭하여 이전/다음 펑 컨텐츠 이동 가능 ㄴ 롱탭 시 화면 일시정지 - 작성자 프로필 정보 및 게시 시간 노출 - 공개 범위 표시 ㄴ 전체 공개 피드 : 공개 범위 미표시 ㄴ 친구 공개 피드 : 공개 범위 '친구 공개' 표시 됨 ㄴ 친한 친구 공개 피드 : 공개 범위 '친한 친구 >' 표시, 선택 시 친한 친구 목록 노출 됨 ㄴ 나만 보기 피드 : 공개 범위 '나만보기' 표시 됨 - 조회한 친구 표시 ㄴ 조회한 친구 없을 시 미표시 ㄴ 조회한 친구 있을 시 친구 프사 최대 3개까지 표시, 좋아요 애니메이션 재생 ㄴ 조회한 친구 선택 시 조회한 친구 목록 노출 됨 (공감 이모지들이 하프 모달 위에 떨어지는 애니메이션 동작) | AB76: 1 | AC76: app | AD76: v25.9.0
A77: 알림 | H77: - | I77: - | AB77: - | AC77: app | AD77: v25.9.0
B78: 내 펑 공감 | E78: 최초 발생 - 공감 1개 | F78: 1. 내 펑에 상대가 공감 탭 (최초 or 1개) 2. 채팅 탭 라스트 메시지 확인 3. 게시물 알림 목록 확인 4. 해당 알림 목록 진입 | G78: 1. 푸쉬 메시지 바로 수신받음 - (카카오톡 아이콘) 카카오톡 (발송 시간) - {name}님이 내 펑에 공감했어요. (썸네일) 2. 라스트 메시지 노출됨 - (프로필 사진) 게시물 알림 (발송 시간) - {name}님이 내 펑에 공감했어요. 3. 게시물 알림 목록에 노출됨 - (프로필사진) - {name}님이 내 펑에 공감했어요. (썸네일)(공감 아이콘) - 발송 시간 *"%(n)초/분/시간/일" 전 4. 펑 뷰로 랜딩됨 | AB78: 1 | AC78: app | AD78: v25.9.0 | AF78: (yumi, 26/2) iOS 백그라운드 상태에서 푸쉬 수신 (race, 26/3) iOS 백그라운드 상태에서 푸쉬 수신 - 상대가 공감 탭 시 게시물 활동 알림 목록에서 메시지 수신은 바로 확인 가능하나 알림 오지 않음 (OS&카톡 알림 설정 모두 ON 상태임) iOS > 포그라운드 상태에서는 푸쉬 메시지는 수신되지 않아요. 스펙 확인함 참고 Jira : QATEAM-4573, QATEAM-3864
B79: 내 게시물 좋아요 | E79: 최초 발생 - 좋아요 1개 | F79: 1. 내 프로필에 상대가 최초로 좋아요 탭 2. 채팅 탭 라스트 메시지 확인 3. 게시물 활동 알림 목록 확인 4. 해당 알림 목록 진입 | G79: 1. 푸쉬 메시지 바로 수신받음 - (카카오톡 아이콘) 카카오톡 (발송 시간) - {name}님이 내 게시물에 좋아요를 남겼어요. (썸네일) 2. 라스트 메시지 노출됨 - (프로필 사진) 게시물 알림 (발송 시간) - {name}님이 내 게시물에 좋아요를 남겼어요. 3. 게시물 활동 알림 목록에 노출됨 - (프로필사진)(좋아요 아이콘) - {name}님이 내 게시물에 좋아요를 남겼어요. (썸네일) (좋아요 아이콘) - 발송 시간 *"%(n)초/분/시간/일" 전 4. 피드 상세 좋아요 목록으로 진입됨 - 좋아요 1개 카운트됨 | AB79: 1 | AC79: app | AD79: v25.9.0
B80: 내 게시물 댓글 등록 | E80: 최초 발생 - 댓글 1개 | F80: 1. 내 프로필에 상대가 최초로 댓글 작성 2. 채팅 탭 라스트 메시지 확인 3. 게시물 활동 알림 목록 확인 4. 해당 알림 목록 진입 | G80: 1. 푸쉬 메시지 바로 수신받음 - (카카오톡 아이콘) 카카오톡 (발송 시간) %{name}님이 내 (콘텐츠 이름)에 댓글을 남겼어요: \n%{comment} 2. 라스트 메시지 노출됨 - (프로필 사진) 게시물 알림 (발송 시간) %{name}님이 내 (콘텐츠 이름)에 댓글을 남겼어요: \n%{comment} 3. 게시물 활동 알림 목록 확인 - (프로필사진)(말풍선 아이콘) %{name}님이 내 (콘텐츠 이름)에 댓글을 남겼어요: \n%{comment} (썸네일)(말풍선 아이콘) - 발송 시간 *"%(n)초/분/시간/일" 전 4. 게시물 상세로 진입되며 댓글 바텀 시트 슬라이드업됨 - 해당 댓글 정상 노출됨 | AB80: 1 | AC80: app | AD80: v25.9.0
B81: 내 댓글/답글 좋아요 | E81: 최초 발생 - 좋아요 1개 | F81: 1. 내 댓글에 상대가 좋아요 탭 (최초 or 1개) 2. 채팅 탭 라스트 메시지 확인 3. 게시물 활동 알림 목록 확인 4. 해당 알림 목록 진입 | G81: 1. 푸쉬 메시지 바로 수신받음 - (카카오톡 아이콘) 카카오톡 (발송 시간) - {name}님이 내 댓글에 좋아요를 남겼어요. (썸네일) 2. 라스트 메시지 노출됨 - (프로필 사진) 게시물 알림 (발송 시간) - {name}님이 내 댓글에 좋아요를 남겼어요. 3. 게시물 활동 알림 목록에 노출됨 - (프로필사진)(좋아요 아이콘) - {name}님이 내 댓글에 좋아요를 남겼어요. 썸네일)(좋아요 아이콘) - 발송 시간 *"%(n)초/분/시간/일" 전 4. 게시물 상세로 진입됨 - 좋아요 1개 카운트됨 | AB81: 1 | AC81: app | AD81: v25.9.0
B82: 내 댓글에 답글 등록 | E82: 최초 발생 - 좋아요 1개 | F82: 1. 내 댓글에 상대가 답글 작성 (최초 or 1개) 2. 채팅 탭 라스트 메시지 확인 3. 게시물 활동 알림 목록 확인 4. 해당 알림 목록 진입 | G82: 1. 푸쉬 메시지 바로 수신받음 - (카카오톡 아이콘) 카카오톡 (발송 시간) - {name}님이 내 댓글에 답글을 남겼어요: {댓글 내용} (썸네일) 2. 라스트 메시지 노출됨 - (프로필 사진) 게시물 알림 (발송 시간) - {name}님이 내 댓글에 답글을 남겼어요: \n {댓글 내용} 3. 게시물 활동 알림 목록 확인 - (프로필사진)(말풍선 아이콘) - {name}님이 내 댓글에 답글을 남겼어요: {댓글 내용} (썸네일)(말풍선 아이콘) - 발송 시간 *"%(n)초/분/시간/일" 전 4. 게시물 상세로 진입되며 댓글 바텀 시트 슬라이드업됨 - 내 댓글 하위에 답글 정상 노출됨 | AB82: 1 | AC82: app | AD82: v25.9.0
A83: 프로필 설정 | H83: - | I83: - | AB83: - | AC83: app | AD83: v25.9.0
B84: 프로필 인증뱃지 표시 | H84: - | I84: - | AB84: - | AC84: app | AD84: v25.9.0
C85: 프로필 인증배지 표시 | H85: - | I85: - | AB85: - | AC85: app | AD85: v25.9.0
D86: 지갑 미가입자 | H86: - | I86: - | AB86: - | AC86: app | AD86: v25.9.0
E87: 지갑 가입 완료 | F87: 지갑 가입 화면 > 가입 완료 > [이어서 진행하기] | G87: 프로필 인증뱃지 화면으로 이동되며, 이름과 신분증/자격증 옵션 선택이 가능 | AB87: 1 | AC87: app | AD87: v25.9.0
D88: 지갑 가입자 | H88: - | I88: - | AB88: - | AC88: app | AD88: v25.9.0
E89: OFF > ON | F89: 프로필 인증배지 사용 > 토글 버튼 OFF > ON | G89: 프로필 인증뱃지 사용 [토글버튼 ON]으로 정상 동작하며 이름 선택과 ID카드 선택 영역이 모두 ON으로 노출 됨 - 이름 선택 - 디지털카드 선택 | AB89: 1 | AC89: app | AD89: v25.9.0
E90: ON > OFF | F90: 프로필 인증배지 사용 > 토글 버튼 ON > OFF | G90: 프로필 인증뱃지 사용 [토글버튼 OFF]으로 정상 동작하며 이름 선택과 ID카드 선택 영역이 모두 OFF로 노출 됨 | AB90: 1 | AC90: app | AD90: v25.9.0
D91: 발급받은 신분증 있음 | F91: 프로필 인증배지 화면 > ID카드 선택 | G91: 내가 발급받은 ID카드 중 프로필 인증뱃지 어드민에서 노출 선택된 ID카드만 노출. - 개별 ID카드 노출 디폴트: ON - ID카드 정렬 로직 : 최근 추가순으로 상단부터 나열 | AB91: 1 | AC91: app | AD91: v25.9.0
B92: 내 프로필 검색 | F92: 내 프로필 검색 설정 화면 동작 | G92: - 내 프로필 검색 허용 디폴트 OFF ㄴ 안드 : 검색 키워드 메뉴 비활성화 노출 ㄴ iOS : 검색 키워드 메뉴 미노출 - 내 프로필 검색 허용 OFF > ON ㄴ 안드/iOS : 검색 키워드 메뉴 노출 ㄴ 검색 키워드 > 키워드 등록/삭제 정상 동작 | AB92: 1 | AC92: app | AD92: v25.9.0
B93: 디데이 설정 | F93: 디데이 설정 화면 동작 확인 | G93: - 새로운 디데이 추가 시 추가 됨 - 디데이 목록 순서 변경 시 반영 됨 - 나의 디데이 목록, 프로필에 적용된 디데이 목록 노출 됨 | AB93: 1 | AC93: app | AD93: v25.9.0
B94: 친구에게만 게시물 공개 | H94: - | I94: - | AB94: - | AC94: app | AD94: v25.9.0
C95: ON | F95: 친구에게만 게시물 공개 동작 확인 | G95: - 친구에게만 게시물 공개 디폴트 ON - 내 프로필 진입 시 마다 "친구에게만 게시물 공개 중이에요."문구 노출 (5초) - 게시물/펑 공개 범위 노출 ㄴ 기존 전체 공개 : 친구 공개 노출 ㄴ 기존 친구 공개 : 친구 공개 유지 ㄴ 기존 친한 친구 공개 : 친한 친구 친구 공개 유지 ㄴ 기존 나만 보기 : 나만 보기 유지 - 게시물/펑 올리기 > 공개 범위 설정 항목 노출 ㄴ 내 친구, 친한 친구, 나만 보기 노출되고, 설정가능 | AB95: 1 | AC95: app | AD95: v25.9.0
C96: OFF | F96: 친구에게만 게시물 공개 동작 확인 | G96: - 친구에게만 게시물 공개 ON > OFF - 게시물/펑 공개 범위 노출 ㄴ 기존 전체 공개 : 전체 공개로 전환 (공개 범위 미표기) ㄴ 기존 친구 공개 : 친구 공개 유지 ㄴ 기존 친한 친구 공개 : 친한 친구 친구 공개 유지 ㄴ 기존 나만 보기 : 나만 보기 유지 - 게시물/펑 올리기 > 공개 범위 설정 항목 노출 ㄴ 전체 공개, 내 친구, 친한 친구, 나만 보기 노출되고, 설정가능 | AB96: 1 | AC96: app | AD96: v25.9.0
B97: 프로필 업데이트를 나만 보기 | H97: - | I97: - | AB97: - | AC97: app | AD97: v25.9.0
C98: OFF | F98: 프로필 업데이트를 나만 보기 동작 확인 | G98: - 프로필 업데이트를 나만 보기 디폴트 OFF ㄴ 구버전에서 업데이트 시 기존 '내 홈 표시' ON/OFF 설정을 따라감 - 프로필 사진, 배경, 상태메시지 등록/변경 시 전체 공개 포스트로 피드에 등록 됨 ㄴ 기존 프로필 업데이트 피드 공개 범위 설정은 유지 | AB98: 1 | AC98: app | AD98: v25.9.0
C99: ON | F99: 프로필 업데이트를 나만 보기 동작 확인 | G99: - 프로필 업데이트를 나만 보기 OFF > ON - 프로필 사진, 배경, 상태메시지 등록/변경 시 나만 보기 포스트로 피드에 등록 됨 ㄴ 기존 프로필 업데이트 피드 공개 범위 설정은 유지 | AB99: 1 | AC99: app | AD99: v25.9.0
B100: 선택한 친한 친구 | F100: 선택한 친한 친구 > 친한 친구 추가/해제 확인 | G100: - 친한 친구 추가 정상 동작 ㄴ 채팅방 친구 > 채팅방 친구 선택으로 친한 친구 추가 정상 동작 ㄴ 친구 목록 > 친구 선택으로 친한 친구 추가 정상 동작 - 친한 친구 해제 정상 동작 - 친한 친구 추가/해제 시 선택한 친한 친구 수 'N명' 반영 | AB100: 1 | AC100: app | AD100: v25.9.0
...

Sheet 4.채팅목록
A1: 담당자: crystal.k | G1: p1 | AG1: =COUNTIF(AG5:AG462, "?*") -> 0
A2: 분류1 | B2: 분류2 | C2: 분류3 | D2: 분류4 (기능) | E2: 사전 조건 | F2: Test Step (체크할 항목) | G2: 기대결과 | H2: 6 | I2: 6 | AB2: 분류 | AE2: Comment & Jira | AF2: Spec & Tip | AG2: TC Review | AH2: Memo
H3: =IF(COUNTIF('리그레션 플랜'!C12:D12, "a15"), "a15", IF(COUNTIF('리그레션 플랜'!C12:D12, "a16"), "a16", "")) -> a16 | I3: =IF(COUNTIF('리그레션 플랜'!C12:D12, "i18"), "i18", IF(COUNTIF('리그레션 플랜'!C12:D12, "i26"), "i26", "")) -> i18 | AB3: =COUNTIF($AB5:$AB441, "<=" & MAX('입력값'!$L$3:$L462)) -> 75 | AD3: v26.6.0 | AE3: 작성 : TE | 관리 : TE/QA | AF3: 작성 : TE & QA | 관리 : QA | AG3: 작성 : TE | 관리 : QA | AH3: 작성 : anyone | 관리 : 작성자
AB4: P | AC4: C | AD4: V | AE4: 수행중 발견한 버그의 링크. 닫힘 확인한 사람이 삭제. | AF4: 스펙 및 테스트팁 | AG4: TE가 TC 수정 요청 및 문의, QA가 반영 완료 후 삭제 | AH4: 테스트 진행 중 필요한 메모 입력
A5: 채팅방 생성 | H5: - | I5: - | J5: - | K5: - | L5: - | M5: - | N5: - | O5: - | AB5: - | AC5: app | AD5: v25.11.0
A6: [전체] 칩 화면구성 | H6: - | I6: - | J6: - | K6: - | L6: - | M6: - | N6: - | O6: - | AB6: - | AC6: app | AD6: v25.11.0
B7: 채팅방 있음 | H7: - | I7: - | J7: - | K7: - | L7: - | M7: - | N7: - | O7: - | AB7: - | AC7: app | AD7: v25.11.0
C8: 최초 진입 | E8: 채팅방 Y - 카카오계정 메시지 방 생성 | F8: 1. 채팅탭 > 상단 UI 확인 2. '전체' 칩 N 카운트 확인 3. '전체' 메시지 확인 * 앱 최초 진입 시 카카오계정 메시지 수신 | G8: 1. (+) 버튼 최초 진입시 빨점 노출됨 채팅 🔍 🗨️+ ⚙️ (전체) (안읽음 1) (ChatGPT) (통화) (☰+) *전체 칩 선택 상태(Default) 광고 영역 2. ‘전체’ 항목의 경우 카운트 미노출 - 안읽음 메시지 1 카운트 3. "카카오계정" 채팅방 노출됨 - 카카오계정 내정보를 확인해 주세요. - 당일 메시지 : 오전/오후 시간까지 표시 - 숫자 (1) 카운트 표시됨 | J8: - | K8: - | L8: - | M8: - | N8: - | O8: - | AB8: 1 | AC8: app | AD8: v26.6.0
B9: 채팅방 없음 | H9: - | I9: - | J9: - | K9: - | L9: - | M9: - | N9: - | O9: - | AB9: - | AC9: app | AD9: v25.11.0
C10: 채팅방 만들기 | E10: 채팅방 N - 카카오계정 메시지 방 나가기 | F10: 1. 앱 최초 진입 시 생성된 카카오 계정 채팅방 나가기 * 채팅방 진입 후 사이드 메뉴 > 채팅방 나가기 2. 채팅탭 > '전체'칩 확인 3. '채팅방 만들기' Tap | G10: 2. 채팅만 만들기 안내 화면 노출 채팅 🔍 🗨️+ ⚙️ (전체) (안읽음 1) (ChatGPT) (통화) (☰+) [비즈보드 광고 영역] 프렌즈 캐릭터 이미지 채팅을 시작해 보세요 만들기 버튼을 누르거나 우측 상단 새로운 채팅 버튼을 눌러 다양한 채팅방을 만들어보세요. [만들기] 3. 새로운 채팅 만들기 화면 노출 | J10: - | K10: - | L10: - | M10: - | N10: - | O10: - | AB10: 1 | AC10: app | AD10: v25.11.0
B11: 채팅방 생성 - 새로운 채팅 만들기 | H11: - | I11: - | AB11: - | AC11: app | AD11: v25.11.0
C12: 일반채팅 | F12: 1. 일반 1:1 채팅방 생성 완료 - 대화 상대 화면에서 1명 선택 후 [확인] 2. 일반 그룹 일반채팅 생성 완료 - 대화 상대 초대 화면에서 N명 선택 후 [확인] - 대화 상대 검색 및 선택/해제 3. 생성한 채팅방 확인 | G12: 1. 일반 1:1 채팅방 생성됨 2. 일반 그룹 채팅방 정보 설정 화면 [확인] 시 그룹 방 생성됨 프로필 사진 등록 및 이름 변경 - Android : 앨범에서 사진 선택, 사진 촬영, 커스텀 프로필 만들기 (삭제) - iOS : 앨범에서 사진 선택, 커스텀 프로필 만들기, (기본 이미지로 변경) 3. 채팅방 참여자들이 내가 설정한 정보를 동일하게 노출됨 | J12: - | K12: - | L12: - | M12: - | N12: - | O12: - | AB12: 1 | AC12: app | AD12: v25.11.0 | AF12: *프로필 이미지가 등록된 상태에서만 [삭제] [기본 이미지로 변경] 기능 표시 *그룹 : 한번에 초대 가능한 인원은 100명. 101명째 선택시 선택 가능 인원 초과 얼럿 발생.
C13: 팀채팅 | F13: 1. 팀채팅 1:1 방 생성 완료 - 대화 상대 화면에서 1명 선택 후 [확인] 2. 그룹 팀채팅방 생성 완료 - 대화 상대 초대 화면에서 N명 선택 후 [확인] - 대화 상대 검색 및 선택/해제 3. 생성한 채팅방 확인 | G13: 1. 팀채팅 1:1 채팅방 생성됨 - 팀채팅 만들기 화면에서 임의 팀 이름 입력 후 [확인] 2. 그룹 팀채팅 방 생성됨 - 팀채팅 만들기 화면에서 임의 팀 이름 입력 후 [확인] 시 My 비밀번호 입력 Flow 진행 3. 채팅방 참여자들이 내가 설정한 정보를 동일하게 노출됨 | J13: - | K13: - | L13: - | M13: - | N13: - | O13: - | AB13: 1 | AC13: app | AD13: v25.11.0
C14: 비밀채팅 | F14: 1. 비밀 1:1 채팅방 생성 완료 - 대화 상대 화면에서 1명 선택 후 [확인] 2. 비밀 그룹 채팅 생성 완료 - 대화 상대 초대 화면에서 N명 선택 후 [확인] - 대화 상대 검색 및 선택/해제 3. 생성한 채팅방 확인 | G14: 1. 비밀 1:1 채팅방 생성됨 2. 비밀 그룹 채팅 방 생성됨 *비밀 그룹챗방은 멤버 선택 완료시 바로 pre챗룸 이동 3. 채팅방 참여자들이 내가 설정한 정보를 동일하게 노출됨 | J14: - | K14: - | L14: - | M14: - | N14: - | O14: - | AB14: 1 | AC14: app | AD14: v25.11.0 | AF14: *비밀채팅방 기준 - 채팅목록에서는 사진, 동영상, 이모티콘 등 모두 "비밀 메시지"로 표시됨 - 비밀채팅에서 보이스톡 불가 - 비밀채팅방에 프로필 공유 불가(aos 불가/iOS 이슈등록)
C15: 챗 ID없는 특수 채팅방 | H15: - | I15: - | J15: - | K15: - | L15: - | M15: - | N15: - | O15: - | AB15: - | AC15: app | AD15: v25.11.0
D16: - 최근 통화 - 게시물 활동 알림 - 채팅방 댓글 알림 - 미디어 만료 알림 - Kanana (KANANA) | F16: 특수 채팅방 방 생성 완료 게시물 활동 알림 - 내 프로필 게시물 작성 후 상대방이 좋아요, 댓글 작성 시 생성됨 채팅방 댓글 알림 - 상대방 오픈 채팅방 메시지에 댓글을 작성 > 댓글이 정상 작성되며 스레드가 생성 Kanana (KANANA) - 친구탭 AI 친구 이용 동의 후 확인 | G16: 채팅목록에 챗 ID없는 특수 채팅방 노출됨 | J16: - | K16: - | L16: - | M16: - | N16: - | O16: - | AB16: 1 | AC16: app | AD16: v25.11.0 | AF16: * 일부 특수채팅방 리얼에서 세팅 어려워 제외 - 미디어 만료 알림
C17: 채팅 리스트 | H17: - | I17: - | J17: - | K17: - | L17: - | M17: - | N17: - | O17: - | AB17: - | AC17: app | AD17: v25.11.0
D18: 채팅방 있음 | E18: 채팅방 Y | F18: 1. 채팅방 생성 및 초대 후 확인 - 일반 채팅방(1:1, 그룹) - 팀 채팅방 - 비밀 채팅방 - 나와의 채팅방 - 조용한 채팅방 - 채널 채팅방 - 알림톡 - 특수 채팅방 ( - 게시물 활동 알림 - 채팅방 댓글 알림 - 미디어 만료 알림 - Kanana (KANANA) | G18: 1. 채팅탭 목록에 모든 채팅방 리스트 노출 | AB18: 1 | AC18: app | AD18: v25.11.0 | AF18: * 일부 특수채팅방 리얼에서 세팅 어려워 제외 - 미디어 만료 알림 *26/4차 기준 : "최근 통화"는 특수 채팅방에서 제외되고 채팅탭 [통화] 칩 형태로 전환됨
H19: - | I19: - | AB19: - | AC19: app | AD19: v25.11.0
D20: 채팅목록에 표시되는 정보 확인 | F20: 채팅목록에 표시되는 정보 확인 | G20: 아래와 같은 정보가 표시됨 - 채팅방 이름 - 해당 채팅방의 마지막 메시지의 내용과 메시지 생성 시간 - 사용자 프로필 사진/그룹채팅방인 경우 Default 이미지 - 그룹채팅방일 경우 채팅참여 인원 수 - 안읽은 메시지 수 - 알림 ON/OFF 여부 | AB20: 1 | AC20: app | AD20: v25.11.0 | AE20: * 논이슈 : [iOS] 친구추가 > 프로필 공유 시 비밀채팅방 선택이 가능하며 선택 시 전송실패 얼럿 발생 QATEAM-11411 | AF20: 메시지 생성 시간) 1) 당일 메시지 : 오전/오후 시간까지 표시 2) 1일전 : <어제> 3) 그외 : 날짜로 표시, <YY,MM.DD> 마지막메시지 표시방식> 1) 메시지(이모티콘) : 메시지 표시(제한글자있음) 2) 이미지 : 사진 3) 음성메시지 : 음성메시지 4) 동영상 : 동영상 5) 유료 이모티콘 : 이모티콘 6) 보이스톡 메세지 : 아이콘 x 7) 프로필 메시지 : 카카오톡 프로필 / 연락처로 표시 8) 알림 : 종모양 아이콘으로 채팅방 이름 우측에 표시
A21: 채팅방 폴더 설정 | H21: - | I21: - | AB21: - | AC21: app | AD21: v25.11.0
B22: 채팅방 폴더 관리 | F22: 1. 채팅방 폴더 설정 화면 진입 - 더보기탭 > 채팅 > 채팅방 폴더 2. 채팅방 폴더 사용 토글 ON 변경 3. '채팅방 폴더 관리' 메뉴 Tap | G22: 1. 채팅방 폴더 설정 화면 노출됨 상단 타이틀 : [<] 채팅방 폴더 관리 [순서변경] [폴더 사용 가이드 애니메이션 노출 영역] 채팅방을 폴더로 정리하고 유용하게 관리하세요. 채팅방 폴더 사용 (토글 Off) 채팅방 폴더 관리 2. 채팅방 폴더 사용 (토글 On) *default ON 3. 채팅방 폴더 관리 화면으로 랜딩 [<] 채팅방 폴더 관리 [순서변경] - 안읽음 - ChatCPT [제외] - 통화 [제외] [+ 폴더 만들기] ----------------------------------------- 추천폴더 ⭐️ 즐겨찾기 [추가] 즐겨찾기한 채팅방만 자동으로 모아보기 - 채널 N [[추가] *채널 타켓층 유저인경우만 노출됨 알림톡과 혜택메시지만 모아보기 | AB22: 1 | AC22: app | AD22: v26.6.0 | AF22: 채팅방 폴더 관리 진입점 변경 - 채팅탭 > 설정 > 채팅방 폴더 관리 화면으로 바로 진입되는걸로 동선 변경됨
C23: 폴더 만들기 | H23: - | I23: - | AB23: - | AC23: app | AD23: v26.2.0
D24: 사용자 폴더 생성 | F24: 1. 채팅방 폴더 관리 [+ 폴더 만들기] 버튼 확인 2. 임의 폴더 아이콘 선택 -🏠 ❤️ ✈️ 3. 임의 폴더명 입력 후 [완료] | G24: 1. 폴더 만들기 화면으로 랜딩됨 - [<] 폴더 만들기 [완료] - 기본 폴더 이미지 - 폴더이름 * - 폴더 이름을 입력해주세요 0/10 - 폴더 아이콘 ㄴ 아이콘 제공 방식 (이모지, 이미지) 13종 - 등록한 채팅방 [+] 채팅방 추가 2. 임의 폴더 아이콘 선택 시 상단 기본 폴더가 변경되어서 적용됨 3. 채팅방 폴더 관리 화면으로 랜딩됨 - iOS : 폴더 생성 완료 시점 > 생성 완료 토스트 노출 - Android : 폴더 생성 완료 시점 > 생성된 폴더 포커스 노출 및 Pressed Ui 노출됨 (커스텀 토스트가 없는 상태) *편집은 지원 안됨, 생성 시에만 지원함 | AB24: 1 | AC24: app | AD24: v26.2.0 | AF24: 폴더 생성 완료시 리스트에 포커싱 효과 애니메이션 적용 - 안드 : 생성된 폴더 Pressed UI - iOS : 토스트 팝업 https://jira.daumkakao.com/browse/ATEAM-25468 폴더만들기 진입시 화면 동작 - 안드 : 입력창 외 스크롤 동작 - IOS : 입력창 외 터치 동작
D25: 채팅방 폴더 관리 | E25: 임의 폴더 아이콘 선택 예) ❤️ | F25: 1. 채팅방 폴더 관리 화면 확인 - 사용자 생성 폴더 없는 사용자가 폴더 만들기 완료 | G25: 1. 채팅방 폴더 관리 화면 정상 노출 및 기능 동작함 - [<] 채팅방 폴더 관리 [순서변경] - ChatGPT [제외] - [❤️] 생성한 채팅방 폴더명 N > - [+폴더 만들기] ---------------------------------------------- - 추천 폴더 - ⭐️ 즐겨찾기 [추가] * 폴더 아이콘 미 설정 시 기본 폴더 아이콘 노출됨 | AB25: 1 | AC25: app | AD25: v26.2.0
C26: 추천폴더 | H26: - | I26: - | AB26: - | AC26: app | AD26: v25.11.0
D27: 즐겨찾기 폴더 생성 | F27: 1. 채팅방 폴더 관리 즐겨찾기 [추가] 메뉴 선택 | G27: 1. 채팅방 폴더 관리 화면 확인 - [<] 폴더 만들기 [완료] - ChatGPT [제외] - 사용자 생성 폴더명 N > - 사용자 생성 폴더명 N > - 즐겨찾기 [제외] - [+폴더 만들기] *채팅방 폴더 관리에서 [추가]된 항목들은 채팅탭 상단 칩 형태로 노출됨 | AB27: 1 | AC27: app | AD27: v25.11.0
C28: 채팅방 폴더 편집 및 삭제 | H28: - | I28: - | AB28: - | AC28: app | AD28: v25.11.0
D29: 폴더 편집 | F29: 1. 채팅방 폴더 관리 화면 진입 2. 채팅방 폴더 관리 화면에서 임의 a 폴더 롱탭 및 스와이프 - iOS : 사용자 생성 폴더만 스와이프 메뉴 제공 - Android : 사용자 생성 폴더만 롱탭 메뉴 제공 3. [편집] 버튼 선택 | G29: 1. 채팅방 폴더 관리 화면 확인 - 상단 타이틀 : <-, 채팅방 폴더 관리, [순서변경] - ChatGPT [제외] - 사용자 생성 폴더명 N > - 사용자 생성 폴더명 N > - [+폴더 만들기] --------------------------------------------- 2. 폴더 편집/삭제 팝업 노출됨 - a폴더명 - 편집 - 삭제 3. 폴더명 편집 정상 동작함 | AB29: 1 | AC29: app | AD29: v25.11.0
D30: 폴더 삭제 | F30: 1. 채팅방 폴더 관리 화면 진입 2. 채팅방 폴더 관리 화면에서 임의 a 폴더 롱탭 - iOS : 사용자 생성 폴더만 스와이프 메뉴 제공 - Android : 사용자 생성 폴더만 롱탭 메뉴 제공 3. [삭제] 버튼 선택 4. 팝업 [취소] 5. 팝업 [삭제] | G30: 1. 채팅방 폴더 관리 화면 확인 - 상단 타이틀 : <-, 채팅방 폴더 관리, [순서변경] - ChatGPT [제외] - 사용자 생성 폴더명 N > - 사용자 생성 폴더명 N > - [+폴더 만들기] --------------------------------------------- 2. 폴더 편집/삭제 팝업 노출됨 - a폴더명 - 편집 - 삭제 3.채팅방 폴더 삭제 팝업 노출됨 - 채팅방 폴더 삭제 - 폴더를 삭제하시겠습니까? 폴더가 삭제되어도 채팅방은 나가기 되지 않습니다. 4. 팝업 닫히고 현재 폴더 선택 상태 및 채팅방 유지됨 5. 팝업 닫히고 폴더 삭제 및 채팅방 폴더 관리 화면 유지됨 | AB30: 1 | AC30: app | AD30: v25.11.0
C31: 순서변경 | E31: 채팅방 폴더 n개 존재 | F31: 1. 채팅방 폴더 관리 > [순서변경] 선택 2. 폴더 관리 페이지 내 [안읽음][ChatGPT] 메뉴 확인 3.임의의 폴더 [☰] 선택 후 스크롤 4. [완료] 버튼 선택 | G31: 1. 순서변경 화면 노출됨 - 상단 타이틀 : ㄴ Android : <- , 순서변경, [완료] ㄴ iOS : 취소, 순서변경, [완료] - 안읽음 [☰] - ChatGPT [☰] - 사용자가 생성한 A 폴더명 [☰] - 사용자가 생성한 B 폴더명 [☰] 2. 우측에 [=] 메뉴 노출됨 *기존에는 [안읽음] 미노출, [ChatGPT] 비활성화 상태 3. 순서 변경 시 로딩 아이콘 노출 되면서 폴더 순서 변경됨 4. 채팅방 폴더 관리 영역으로 이동 후 폴더 변경된 순서로 노출 | AB31: 1 | AC31: app | AD31: v26.2.0
A32: 채팅탭 폴더 설정 On | H32: - | I32: - | AB32: - | AC32: app | AD32: v25.11.0
A33: 채팅탭 화면구성 | H33: - | I33: - | AB33: - | AC33: app | AD33: v25.11.0
B34: 상단 칩 | H34: - | I34: - | J34: - | K34: - | L34: - | M34: - | N34: - | O34: - | AB34: - | AC34: app | AD34: v25.11.0
C35: 사용자 폴더 없음 | H35: - | I35: - | AB35: - | AC35: app | AD35: v25.11.0
D36: 폴더 관리 버튼 (+) | E36: 사용자 폴더 없는 사용자 | F36: 1. 채팅탭 > 상단 칩 UI 확인 2. (+) 버튼 선택 3. 폴더 만들기 화면에서 임의 폴더 이름 입력 후 "[+] 채팅방 추가" 선택 4. 등록한 채팅방 개별 해제 및 전체 해제 여부 확인 후 [완료] - 등록한 채팅방 N [전체해제] - 채팅방 명 [해제] - 채팅방 명 [해제] - 채팅방 명 [해제] | G36: 1. 사용자 폴더가 1개도 생성되지 않은 경우 폴더 관리 버튼은 (+) 버튼으로 노출됨 채팅 🔍 🗨️+ ⚙️ (전체) (안읽음 n) (ChatGPT) (☰+)' *전체 칩 선택 상태(Default) (+) 버튼 최초 진입시 빨점 노출됨 광고 영역 2. (+) 버튼 선택 시 폴더 만들기 화면으로 랜딩됨 3. 임의 채팅방 리스트 검색 및 선택 완료 4. 채팅방 폴더 관리에 최종 등록한 사용자 폴더 내 채팅방 개수만 표기됨 - 사용자 폴더명 N > | J36: - | K36: - | L36: - | M36: - | N36: - | O36: - | AB36: 1 | AC36: app | AD36: v26.6.0 | AF36: 채팅방 폴더 관리 진입점 변경 - 채팅탭 > 설정 > 채팅방 폴더 관리 화면으로 바로 진입되는걸로 동선 변경됨 참조 https://jira.daumkakao.com/browse/QATEAM-12838 https://jira.daumkakao.com/browse/QATEAM-12874
C37: 사용자 폴더 있음 | H37: - | I37: - | AB37: - | AC37: app | AD37: v25.11.0
D38: 폴더 관리 버튼 (☰+) | E38: 1. 사용자 폴더 1개 이상인 사용자 2. 최초 진입 | F38: 1. 채팅탭 > 상단 UI 확인 2. (☰+) 버튼 선택 | G38: 1. (=+') 버튼 최초 진입 및 업데이트 시 빨점 노출됨 채팅 🔍 🗨️+ ⚙️ (전체) (안읽음 n) (ChatGPT) (생성폴더) (☰+') *전체 칩 선택 상태(Default) (=+') 버튼 최초 진입 및 업데이트 시 빨점 노출됨 광고 영역 2.(☰+) 버튼 선택 시 채팅방 폴더 관리 화면으로 랜딩됨 | AB38: 1 | AC38: app | AD38: v26.6.0
A39: [전체] 칩 화면구성 | H39: - | I39: - | AB39: - | AC39: app | AD39: v25.11.0
B40: 조용한 채팅방 | H40: - | I40: - | AB40: - | AC40: app | AD40: v25.11.0
C41: 조용한 채팅방 개별 및 그룹 | F41: 1. 전체 탭 > 조용한 채팅방 목록 노출 2. 채팅방 > 조용한 채팅방 보관 완료 - iOS : 채팅방 스와이프 > 보관 - Android : 채팅방 롱탭 > 조용한 채팅방으로 보관 3. 조용한 채팅방 보관 - 실행취소 4. 조용한 채팅방 숨김 완료 | G41: 2. 조용한 채팅방에 보관되었습니다. 실행취소 3. 채팅탭에 해당방 노출됨 4. 전체 탭 > 조용한 채팅방 목록 미 노출됨 - '전체' 탭 : 조용한 채팅방 목록 미노출(그룹핑)되고 - 폴더 : 조용한 채팅방 개별 목록 노출됨 | AB41: 1 | AC41: app | AD41: v25.11.0
C42: 조용한 채팅방 그룹 | E42: 1. 조용한 채팅방 Y 2. 안읽은 메시지 N | F42: 1. '전체' 폴더 > 채팅방 리스트 상단 확인 2. 조용한 채팅방 선택 | G42: 1. 조용한 채팅방 그룹 노출 & 안읽은 메시지 카운트 미노출 (이미지) 조용한 채팅방 오전/오후 mm:dd n개의 채팅방 2. 조용한 채팅방 목록 화면 노출 | AB42: 1 | AC42: app | AD42: v25.11.0
E43: 1. 조용한 채팅방 Y 2. 안읽은 메시지 Y | F43: 1. '전체' 폴더 > 채팅방 리스트 상단 확인 2. 조용한 채팅방 선택 | G43: 1. 조용한 채팅방 그룹 노출 & 안읽은 메시지 카운트 노출 (이미지) 조용한 채팅방 오전/오후 mm:dd n개의 채팅방 (n) *안읽은 메시지 카운트 회색으로 노출 2. 조용한 채팅방 목록 화면 노출 | AB43: 1 | AC43: app | AD43: v25.11.0
C44: 조용한 채팅방 개별 | E44: 1. 조용한 채팅방 목록 화면 2. 안읽은 메시지 보유 채팅방 Y | F44: 개별 채팅 목록 확인 | G44: 조용한 채팅방 노출 & 안읽은 메시지 카운트 노출 (채팅방 썸네일) 채팅방 이름 알림/잠금 표시 오전/오후 mm:dd 라스트 메시지 (n) *안읽은 메시지 카운트 회색으로 노출 | AB44: 1 | AC44: app | AD44: v25.11.0 | AF44: 조용한 채팅방의 개별 채팅방 알림 해제 시 알림 발생하는 것은 정상 동작 ATEAM-15560
A45: [안읽음] 칩 | H45: - | I45: - | AB45: - | AC45: app | AD45: v25.11.0
B46: 안읽은 메시지 있음 | H46: - | I46: - | AB46: - | AC46: app | AD46: v25.11.0
C47: 안읽은 메시지 Y | E47: 안읽은 메시지 : 1~999개 | F47: 1. '안읽음' 칩 확인 2. '안읽음' 칩 선택 3. 안 읽은 메시지 존재하는 채팅방 진입 후 확인 | G47: 1. (안읽음 n) 으로 노출 2. 안 읽은 메시지 존재하는 모든 채팅방 리스트 노출 - 일반 채팅방(1:1, 그룹) - 팀 채팅방 - 비밀 채팅방 - 나와의 채팅방 - 채널 채팅방 - 알림톡 - 그 외 특수(키워드 알림 모아보기, 스레드, 피드, 통화, 데이터 만료 알림, 카나나 등등) * 조용한 채팅방은 미노출 3. 안 읽은 메시지 카운트 정상적으로 차감 확인 | AB47: 1 | AC47: app | AD47: v25.8.0 | AF47: 조용한 채팅방 '안읽음' 폴더에는 미노출 ㄴ 전체 폴더 : 그루핑된 조용한 채팅방 ㄴ 생성된 폴더 : 개별 조용한 채팅방 (논이슈) 공통 : 앱 재설치 > 채팅방 댓글 알림 수신 > 채팅탭에 '채팅방 댓글 알림' 채팅방 미노출되는 문제 https://jira.daumkakao.com/browse/QATEAM-8181
C48: 대화 요약 | F48: 채팅탭 기본요약 조건 - 1:1 채팅방, 그룹, 팀채팅방만 요약 가능 - 안읽은 메시지 수 5개 이상 - 라스트 메시지 수신기간 24시간 이내 - 채팅방 최소 인원수 2명 - 요약 가능 글자수 10자~2000자 ㄴ10자 미만: 미리보기 생성 안됨 ㄴ2000자 초과: 최신 메시지순 2000자만 요약 대상으로 실행 | G48: TC 수행시 '대조군' 기준이라 이슈 없음 *대조군 : 기존 계정 *실험군 : id 취합 후 공유 - 단수 요약 : 채팅방 1개 - 복수 요약 : 채팅방 2개 이상 | AB48: 1 | AC48: app | AD48: v26.6.0
D49: 요약 미리보기 | E49: 한 채팅방 내 안읽은 메시지 5개 이상 + 라스트메시지 수신 24시간 이내인 채팅방이 1개 이상 있음 | F49: 1. '안읽음' 칩 내 채팅 목록 상단 대화 요약 미리보기 영역 노출 확인 2. 대화 요약 미리보기 영역 탭 3. 대화 요약 상세 레이어 내 [채팅방 가기] 버튼 탭 | G49: 1. 가장 최신 메시지가 있는 채팅방의 안읽은 메시지 내용이 요약돼 미리보기 영역 노출됨 2. 요약 상세 하프뷰 레이어 노출됨 - 최신 메시지 수신된 순서로 채팅방 리스트 노출됨(최대 5개) - 채팅방 탭 클릭 시 해당 채팅방의 대화 요약 결과 노출됨 3. 해당 채팅방으로 이동됨 | AB49: 1 | AC49: app | AD49: v26.6.0 | AF49: * 대화 요약 노출 조건 : 채팅방 폴더 기능 ON + 안읽은 메시지 5개 이상 채팅방 존재(1:1, 그룹, 팀채팅방) + 라스트메시지 수신 24시간 이내 + 카나나 (AI) 요약 On * 요약 대상 제외 말풍선 종류 - 이모티콘, 이미지, 비디오, 연락처, 오디오, 일정, 투표, 지도, 프로필, 파일, 검색, 톡모임, 보이스톡, 라이브톡, 레버리지, 알림톡, 숏폼 공유 말풍선
A50: [즐겨찾기 폴더] 칩 | H50: - | I50: - | AB50: - | AC50: app | AD50: v25.8.0
B51: 즐겨찾기 빈 페이지 | F51: 1. [즐겨찾기] 칩 선택 2. [전체로 돌아가기] 버튼 선택 | G51: 1. 즐겨찾기 안내문구 노출됨 캐릭터 이미지 (랜덤) - 캐릭터 이미지 즐겨찾기한 채팅방 모아보기 친구의 프로필이나 채팅방에서 즐겨찾기를 하면 이곳에 자동으로 모아져요. [전체로 돌아가기] 2. 버튼 선택시 [전체]칩으로 랜딩됨 | AB51: 1 | AC51: app | AD51: v25.8.0
B52: 즐겨찾기 방 있음 | F52: 1. 즐겨찾기 폴더 선택 후 화면 확인 2. 즐겨찾기 정렬순 확인 | G52: 1. 즐겨찾기한 채팅방만 소팅하여 노출됨 - 즐겨찾기 폴더 진입 시 채팅방명 우측 즐겨찾기 메타포 상시 노출 2. 즐겨찾기 정렬순 기능 제공 유지됨 - 상단고정 > 최신순 정렬 | AB52: 1 | AC52: app | AD52: v25.8.0
C53: 즐겨찾기 x 조용한 채팅방 | E53: 조용한 채팅방 즐겨찾기 완료 | F53: 1. 즐겨찾기 폴더 선택 후 화면 확인 2. 조용한 채팅방 확인 | G53: 기본적인 알림/뱃지/노출 정책은 사용자 폴더와 동일 - 조용한 채팅방 + 즐겨찾기 조건인 경우에도 조용방으로 등록된 채팅방 노출 - 폴더 칩버튼/채팅탭 뱃지 언리드 카운트 합산에서 제외 - 폴더 내 리스트에서의 뱃지 컬러는 회색으로 표시 | AB53: 1 | AC53: app | AD53: v25.8.0
A54: [생성된 폴더] 칩 | H54: - | I54: - | AB54: - | AC54: app | AD54: v25.8.0
B55: 조용한 채팅방 | H55: - | I55: - | AB55: - | AC55: app | AD55: v25.8.0
C56: 보관 | E56: 생성된 폴더에 추가된 조용한 채팅방 N | F56: 1. 생성된 폴더 칩 선택 > 채팅방 A 조용한 채팅방으로 보관 * Android : 채팅방 목록 > 채팅방 A 롱탭 * iOS : 채팅방 목록 > 좌 스와이프 2. 토스트 메시지 확인 3. 토스트 메시지 > '실행취소' 선택 | G56: 1. 생성된 폴더에 채팅방 A 정상 노출되며, 전체 폴더 > 조용한 채팅방에 추가됨 2. '조용한 채팅방에 보관되었습니다. 실행취소' 3. 생성된 폴더에 채팅방 A 정상 노출되며, 전체 폴더 > 조용한 채팅방에 추가되지 않음 | AB56: 1 | AC56: app | AD56: v25.8.0
C57: 해제 | E57: 생성된 폴더에 추가된 조용한 채팅방 Y | F57: 생성된 폴더 칩 선택 > 채팅방 A 조용한 채팅방에서 보관 해제 * Android : 채팅방 목록 > 채팅방 A 롱탭 * iOS : 채팅방 목록 > 좌 스와이프 | G57: 생성된 폴더에 채팅방 A 정상 노출되며, 전체 폴더 > 조용한 채팅방에서 보관 해제됨 *폴더 내 리스트에서의 뱃지 컬러는 회색으로 표시 | AB57: 1 | AC57: app | AD57: v25.8.0
A58: 채팅방 컨텍스트 메뉴 (롱탭 메뉴, 스와이프 메뉴) | F58: '폴더에 추가' 가능한 방 타입 - 나와의 채팅방 - 일반 채팅방 ㄴ 1:1 채팅방 /그룹 / 팀 채팅방 - 채널 채팅방 & 챗 ID없는 타입방 | G58: '폴더에 추가' 불가한 방 타입 - 조용한 채팅방 - 비밀 채팅방 - 오픈채팅방 | H58: - | I58: - | J58: - | K58: - | L58: - | M58: - | N58: - | O58: - | AB58: - | AC58: app | AD58: v25.11.0
A59: [전체] 칩 | H59: - | I59: - | J59: - | K59: - | L59: - | M59: - | N59: - | O59: - | AB59: - | AC59: app | AD59: v25.11.0
D60: 조용한 채팅방 | F60: 채팅 목록 롱탭 및 스와이프 메뉴 Android - 롱탭 : 조용한 채팅방 해제 / 읽음 / 조용한 채팅방 숨김 iOS - 왼 스와이프 : 읽음 (아이콘) - 오 스와이프 : 해제 / 숨김 - 롱탭 : - | G60: 기능 정상 동작함 | AB60: 3 | AC60: app | AD60: v25.11.0 | AF60: * [조용한 채팅방으로 보관] 메뉴는 설정값에 따라 노출 여부가 결정 됨 - 실험실 > 조용한 채팅방 ㄴON : 보관메뉴 노출 ㄴOFF : 보관메뉴 미노출 * 톡채널은 [채팅방 이름 설정] 미노출됨 - 톡채널, 비밀챗은 [조용한 채팅방으로 보관] 불가 * 팀챗 - 방장일 경우 [채팅방 삭제 및 나가기] 노출
D61: 비밀채팅방 | F61: 채팅 목록 롱탭 및 스와이프 메뉴 Android - 롱탭 : 채팅방 정보 설정 / 채팅방 상단 고정 / 알림 / 나가기 iOS - 왼 스와이프 : 읽음 / 알림 / 고정 - 오 스와이프 : 나가기 - 롱탭 : 알림 / 채팅방 상단 고정 | G61: 기능 정상 동작함 | AB61: 3 | AC61: app | AD61: v25.11.0
E62: 내가 방장인 오픈채팅 | F62: 채팅 목록 롱탭 및 스와이프 메뉴 Android - 롱탭 : 오픈채팅 관리 / 채팅방 나가기 / 채팅방 정보 설정 / 즐겨찾기에 추가 / 채팅방 상단 고정 / 채팅방 알림 끄기 / 홈 화면에 바로가기 추가 / 읽음 iOS - 왼 스와이프 : 읽음 / 알림 / 고정 - 오 스와이프 : - - 롱탭 : 알림 / 채팅방 상단 고정 / 즐겨찾기 | G62: 기능 정상 동작함 | AB62: 3 | AC62: app | AD62: v25.11.0
E63: 참여중인 오픈채팅 | F63: 채팅 목록 롱탭 및 스와이프 메뉴 Android - 롱탭 : 채팅방 정보 설정 / 즐겨찾기 / 채팅방 상단 고정 / 알림 / 홈 화면에 바로가기 추가 / 읽음 / 나가기 *읽음 : 안드는 안읽은 메시지가 있어야만 표시됨 iOS - 왼 스와이프 : 읽음 / 알림 / 고정 - 오 스와이프 : 나가기 - 롱탭 : 알림 / 채팅방 상단 고정 / 즐겨찾기 | G63: 기능 정상 동작함 | AB63: 3 | AC63: app | AD63: v25.11.0 | AF63: (shannon, 25/02) 한국 계정 > 전체 칩에서는 오픈채팅이 포함되지 않아 해당 케이스 확인 불가 > 하단 오픈채팅 탭에서 상세 롱탭/스와이프 메뉴 확인 가능함 >> 대분류에서 진입하여 확인 불가하므로, TC 재확인 요청드립니다.
E64: 내가 방장인 오픈채팅 | F64: 채팅 목록 롱탭 및 스와이프 메뉴 Android - 롱탭 : 오픈채팅 관리 / 채팅방 나가기 / 오픈채팅방 펼치기 / 채팅방 상단 고정 iOS - 접기 상태 ㄴ 왼 스와이프 : 고정 ㄴ 우 스와이프 : 펼치기 / 삭제 ㄴ 롱탭 : 고정 - 펼치기 상태 ㄴ 왼 스와이프 : 읽음 / 알림 / 고정 ㄴ 우 스와이프 : 접기 / 나가기 ㄴ 롱탭 : 읽음 / 알림 / 고정 | G64: 기능 정상 동작함 | AB64: 3 | AC64: app | AD64: v25.11.0 | AE64: (pond, 25/10~11) iOS : 1:1 오픈채팅방 접기 상태 > 롱 탭하여 고정 후 스와이프하여 펼치기 > 펼쳐지지 않으며 스와이프되지 않는 문제 https://jira.daumkakao.com/browse/QATEAM-8174 iOS : 1:1 오픈채팅방 펼쳐져 있는 상태에서 스와이프하여 접기 시, 오픈채팅방 없어지는 문제 https://jira.daumkakao.com/browse/QATEAM-8516 | AF64: 접혀있는 1:1 오픈채팅 고정 > 펼치기 후 다시 접기 시, 고정 해제됨
E65: 참여중인 오픈채팅 | F65: 채팅 목록 롱탭 및 스와이프 메뉴 Android - 롱탭 : 채팅방 정보 설정 / 채팅방 상단 고정 / 채팅방 알림 끄기 / 홈 화면에 바로가기 추가 / 나가기 iOS - 왼 스와이프 : 읽음 / 알림 / 고정 - 오 스와이프 : 나가기 - 롱탭 : 알림 끄기 / 채팅방 상단 고정 | G65: 기능 정상 동작함 | AB65: 3 | AC65: app | AD65: v25.11.0
D66: 일반 채팅방 (1:1) | F66: 채팅 목록 롱탭 및 스와이프 메뉴 Android - 롱탭 : 채팅방 정보 설정 / 즐겨찾기에 추가 / 채팅방 상단 고정 / 채팅방 알림 끄기 / 홈 화면에 바로가기 추가 / 읽음 / 폴더에 추가 / 새폴더 만들기 / 조용한 채팅방으로 보관 / 나가기 iOS 롱탭 - 읽음 / 보이스톡 / 페이스톡 / 알림끄기 / 채팅방 상단 고정 / 즐겨찾기 추가 / 선물하기 / 폴더에 추가> / 새폴더 만들기 *번호 저장되어 있으면 최상단에 번호(통화) 노출됨 iOS 스와이프 - 실험실 > '채팅방을 옆으로 밀어 읽지 않음 표시' off 상태 ㄴ 왼 스와이프 : 즐겨찾기 / 알림 / 고정 - 실험실 > '채팅방을 옆으로 밀어 읽지 않음 표시' on 상태 ㄴ 왼 스와이프 : 읽음 / 알림 / 고정 | G66: 기능 정상 동작함 | AB66: 1 | AC66: app | AD66: v25.11.0 | AF66: 상태값에 따른 메뉴명 참고 * 읽음 : 안읽은 메시지가 있어야 '읽음' 메뉴 표시됨 * 채팅방 알림 OFF 상태일때 "채팅방 알림 켜기" 표시 * 즐겨찾기 / 채팅방 상단 고정 상태일때 "..해제" 표시 *새폴더 만들기 : 폴더 사용중 & 사용자 폴더가 10개 미만인 경우
D67: 일반 채팅방 (그룹) 팀 채팅방 | F67: 채팅 목록 롱탭 및 스와이프 메뉴 Android - 롱탭 : 채팅방 정보 설정 / 즐겨찾기 / 채팅방 상단 고정 / 알림 / 홈 화면에 바로가기 추가 / 읽음 / 폴더에 추가 / 새폴더 만들기 / 조용한 채팅방으로 보관 / 나가기 iOS - 왼 스와이프 : 읽음 / 알림 / 고정 - 오 스와이프 : 보관 / 나가기 - 롱탭 : 알림 / 채팅방 상단 고정 / 즐겨찾기 / 폴더에 추가> / 새폴더 만들기 | G67: 기능 정상 동작함 | AB67: 1 | AC67: app | AD67: v25.11.0 | AF67: (참고) iOS인 경우 실험실> '채팅방을 옆으로 밀어 읽지 않음 표시'> - OFF ㄴ 롱탭 : 읽음 / 알림 끄기/켜기 / 채팅방 상단 고정 / > 폴더에 추가 / 새폴더 만들기 ㄴ 왼 스와이프 : 즐겨찾기 / 알림 / 고정 ㄴ 우 스와이프 : 보관 / 읽음 / 나가기 - ON ㄴ 롱탭 : 읽음 / 알림 끄기/켜기 / 채팅방 상단 고정 / 즐겨찾기 추가 / > 폴더에 추가 / 새폴더 만들기 ㄴ 왼 스와이프 : 읽음 / 알림 / 고정 ㄴ 우 스와이프 : 보관 / 나가기
D68: 나와의 채팅방 | F68: 채팅 목록 롱탭 및 스와이프 메뉴 Android - 롱탭 : 채팅방 정보 설정 / 채팅방 상단 고정 / 알림 / 홈 화면에 바로가기 추가 / 읽음 / 폴더에 추가 / 새폴더 만들기 / 숨김 iOS - 왼 스와이프 : 읽음 / 알림 / 고정 - 오 스와이프 : 숨김 - 롱탭 : 채팅방 상단 고정 / 폴더에 추가> / 새폴더 만들기 | G68: 기능 정상 동작함 | AB68: 1 | AC68: app | AD68: v25.11.0
D69: 챗 ID 없는 방 - 최근 통화 - 게시물 활동 알림 - 채팅방 댓글 알림 - 미디어 만료 알림 | F69: 채팅 목록 롱탭 및 스와이프 메뉴 - 폴더에 추가 / 새폴더 만들기 메뉴 노출 | G69: 기능 정상 동작함 | AB69: 1 | AC69: app | AD69: v25.11.0 | AF69: (참고) iOS인 경우 실험실> '채팅방을 옆으로 밀어 읽지 않음 표시'> - OFF ㄴ 롱탭 : 읽음 / 채팅방 상단 고정 / > 폴더에 추가 / 새폴더 만들기 ㄴ 왼 스와이프 : 고정 ㄴ 우 스와이프: 읽음 / 숨김 - ON ㄴ 롱탭: 읽음 / 채팅방 상단 고정 / > 폴더에 추가 / 새폴더 만들기 ㄴ 왼 스와이프 : 읽음 / 고정 ㄴ 우 스와이프 : 숨김 *만료 미디어 알림 기능 제거로 테스트 제외 https://jira.daumkakao.com/browse/KLOUD-768
E70: 채팅탭 x 카나나 | F70: 지원 디바이스에서 진입 & 지원 디바이스를 메인 디바이스로 사용중 | G70: iOS 지원 기기 ㄴ 아이폰 15 Pro 이상 Android 지원 기기 : OS 15이상 ㄴ 갤럭시 S22 이상 ㄴ 갤럭시 Z Fold 4 이상 ㄴ 갤럭시 Z Flip 4 이상 | AB70: - | AC70: app | AD70: v26.6.0 | AF70: *카나나 지원하지 않는 단말인경우, 카나나 지원하는 디바이스로 확인해주세요
F71: 채팅 목록 롱탭 및 스와이프 메뉴 - 폴더에 추가 / 새폴더 만들기 메뉴 노출 | G71: 기능 정상 동작함 | AB71: 1 | AC71: app | AD71: v26.6.0
D72: 채널 채팅방 | H72: - | I72: - | J72: - | K72: - | L72: - | M72: - | N72: - | O72: - | AB72: - | AC72: app | AD72: v25.11.0
E73: 추가한 채널 | F73: 채팅 목록 롱탭 및 스와이프 메뉴 Android - 롱탭 : 즐겨찾기 / 채팅방 상단 고정 / 알림 / 홈 화면에 바로가기 추가 / 폴더에 추가 / 새폴더 만들기 / 나가기 iOS - 왼 스와이프 : 읽음 / 알림 / 고정 - 오 스와이프 : 나가기 - 롱탭 : 읽음/ 알림 / 채팅방 상단 고정 / 즐겨찾기 / 폴더에 추가 / 새폴더 만들기 | G73: 기능 정상 동작함 | AB73: 1 | AC73: app | AD73: v25.11.0 | AF73: (참고) iOS인 경우 실험실> '채팅방을 옆으로 밀어 읽지 않음 표시'> - OFF ㄴ 롱탭 : 읽음 / 알림 끄기/켜기 / 채팅방 상단 고정 / > 폴더에 추가 / 새폴더 만들기 ㄴ 왼 스와이프 : 즐겨찾기 / 알림 / 고정 ㄴ 우 스와이프 : 읽음 / 나가기 - ON ㄴ 롱탭 : 읽음 / 알림 끄기/켜기 / 채팅방 상단 고정 / 즐겨찾기 추가 / > 폴더에 추가 / 새폴더 만들기 ㄴ 왼 스와이프 : 읽음 / 알림 / 고정 ㄴ 우 스와이프 : 나가기
E74: 추가되지 않은 채널 | F74: 채팅 목록 롱탭 및 스와이프 메뉴 Android - 롱탭 : 채팅방 상단 고정 / 알림 / 폴더에 추가 / 새폴더 만들기 / 홈 화면에 바로가기 추가 / 나가기 *읽음 : 안드는 안읽은 메시지가 있어야만 표시됨 iOS - 왼 스와이프 : 읽음 / 알림 / 고정 - 오 스와이프 : 나가기 - 롱탭 : 읽음/ 알림 / 채팅방 상단 고정 /폴더에 추가 / 새폴더 만들기 | G74: 기능 정상 동작함 | AB74: 3 | AC74: app | AD74: v25.11.0
A75: 폴더에 추가 - 전체 & 안읽음 & 추천폴더 | H75: - | I75: - | AB75: - | AC75: app | AD75: v25.11.0
A76: 전체 안읽음 추천폴더 | H76: - | I76: - | AB76: - | AC76: app | AD76: v25.11.1
B77: 컨텍스트 메뉴 (롱탭 메뉴, 스와이프 메뉴) | F77: 폴더에 추가 노출 조건 - 폴더 사용 중 & 사용자 폴더가 있는 경우 | G77: - 폴더에 추가: 전체 & 안읽음 & 추천폴더 모두 노출 - 폴더에서 제외 액션: 사용자 생성 폴더에서만 제공 | H77: - | I77: - | AB77: - | AC77: app | AD77: v25.11.1 | AF77: 메모 - 상세 스펙 참고 가능
C78: 폴더에 추가 지원 방 | F78: * "폴더에 추가" 노출 - 폴더에 지정 가능한 채팅방 타입인 경우, 전체/안읽음/사용자 폴더 모두 노출 | G78: * "폴더에 추가" 미 노출 - 폴더에 지정 불가능한 채팅방 타입, 사용자 폴더 개수 10개 초과 시 | H78: - | I78: - | AB78: - | AC78: app | AD78: v25.11.0 | AF78: 폴더에 추가 미지원 방 - 1:1 오픈 채팅 - 그룹 오픈 채팅
B79: 폴더에 추가 | F79: '폴더에 추가' 가능한 방 타입 - 1:1 채팅방 - 나와의 채팅방 - 그룹 / 팀 채팅방 - 채널 채팅방 - 챗 ID없는 타입방 ( Kanana, 게시물 활동 알림, 채팅방 댓글 알림, 미디어 만료 알림, 최근 통화) | G79: '폴더에 추가' 불가한 방 타입 - 조용한 채팅방 - 비밀 채팅방 - 오픈채팅방 | H79: - | I79: - | AB79: - | AC79: app | AD79: v25.11.0
C80: 폴더에 추가 성공 | F80: *채팅 목록 임의 채팅방 롱탭 1. [폴더에 추가] 메뉴 선택 2. 임의 사용자가 만든 A폴더 선택 3. 토스트 얼럿 [폴더로 이동] 버튼 선택 | G80: 1. 사용자가 생성한 폴더가 팝업 리스트로 노출됨 - 폴더에 추가 - A 사용자 폴더 - B 사용자 폴더 2. 토스트 얼럿 노출됨 - 채팅방을 {폴더이름} 폴더에 추가했어요. 폴더로 이동 3. 추가한 폴더로 포커싱되어 랜딩됨 - 예) [전체] 칩에서 [A폴더] 칩으로 이동 | AB80: 1 | AC80: app | AD80: v25.11.0
D81: 폴더에 추가 실패 | E81: 이미 추가된 채팅방인 경우 | F81: 1. [폴더에 추가] 메뉴 선택 2. 폴더에 이미 추가된 채팅방 추가 시도 3. 토스트 얼럿 [폴더로 이동] 버튼 선택 | G81: 2. 토스트 얼럿 노출됨 - 이미 추가된 채팅방이에요. 폴더로 이동 3. 이미 추가한 폴더로 포커싱되어 랜딩됨 - 예) [전체] 칩에서 [A폴더] 칩으로 이동 | AB81: 1 | AC81: app | AD81: v25.11.0
A82: 새폴더 만들기 - 전체 & 안읽음 & 추천폴더 | H82: - | I82: - | AB82: - | AC82: app | AD82: v25.11.0
B83: 새폴더 만들기 | H83: - | I83: - | AB83: - | AC83: app | AD83: v25.11.0
C84: 전체 & 안읽음 & 추천폴더 칩 (즐겨찾기) | H84: - | I84: - | AB84: - | AC84: app | AD84: v25.11.1
D85: 지원 채팅방 - 일반 채팅방 (1:1) - 일반 채팅방 (그룹) - 팀 채팅방 - 나와의 채팅방 - 챗 ID 없는 방 - 채널 채팅방 | E85: 생성폴더 개수 9개 이하 | F85: 1. 전체 & 안읽음 & 추천폴더 칩 선택 2. 임의 채팅방 롱탭 > [새폴더 만들기] 메뉴 노출 여부 확인 - 일반 채팅방 (1:1) - 일반 채팅방 (그룹) - 팀 채팅방 - 나와의 채팅방 - 챗 ID 없는 방 - 채널 채팅방 3. 사용자 생성 칩에서 임의 채팅방 롱탭 > [새폴더 만들기] 메뉴 노출여부 확인 | G85: 2. [새폴더 만들기] 버튼 노출 3. [새폴더 만들기] 버튼 미노출 *사용자 폴더를 제외한 서비스 제공 폴더에만 제공 | AB85: 1 | AC85: app | AD85: v25.11.1
C86: 폴더 만들기 상세 화면 | F86: 1. [새폴더 만들기] 선택 2. 폴더 이름 입력 : 글자수 최대 10자 입력 3. 폴더 만들기 화면에서 임의 폴더명 입력 및 채팅방 선택 후 완료 | G86: 1.폴더 만들기 프리셋 화면으로 랜딩 - 상단 타이틀 : <-, 폴더 만들기, [완료] *완료 버튼 비활성화 상태 - 폴더이름 * - 폴더 이름을 입력해주세요 0/10 - 폴더 아이콘 ㄴ 아이콘 제공 방식 (이모지, 이미지) 13종 - 등록한 채팅방 [+] 채팅방 추가 등록한 채팅방에는 롱탭 액션한 채팅방 추가되어 노출 2. 별도 안내 없이 10자 이상 작성 불가함 - 폴더 이름 입력 영역에 커서 노출 및 키보드 활성화 3. '[폴더이름] 폴더를 만들었어요. 폴더로 이동" 스낵바 노출 | AB86: 1 | AC86: app | AD86: v25.11.1 | AF86: *문구 최종 스펙 확정 (12/8) - 채팅리스트 롱탭 > 폴더에 추가 : 채팅방을 {폴더이름} 폴더에 추가했어요. - 채팅리스트 롱탭 > 새폴더 만들기 : {폴더이름} 폴더를 만들었어요. (*새로운 폴더 만들기 통한 액션에만 적용) - 생성 폴더 롱탭 > 채팅방 추가 : {폴더이름} 폴더가 업데이트 되었어요. - 생성 폴더 롱탭 > 채팅방 추가 > 변경사항 없이 뒤로가기 : 스낵바 미노출
B87: 새폴더 만들기 불가 | H87: - | I87: - | AB87: - | AC87: app | AD87: v25.11.1
C88: 전체 & 안읽음 & 추천폴더 칩 (즐겨찾기) | H88: - | I88: - | AB88: - | AC88: app | AD88: v25.11.1
D89: 폴더 지원 채팅방 - 일반 채팅방 (1:1) - 일반 채팅방 (그룹) - 팀 채팅방 - 나와의 채팅방 - 챗 ID 없는 방 - 채널 채팅방 | E89: 생성폴더 개수 10개 | F89: 1. 전체 & 안읽음 & 추천폴더 칩 선택 2. 임의 채팅방 롱탭 > [새폴더 만들기] 메뉴 노출 여부 확인 - 일반 채팅방 (1:1) - 일반 채팅방 (그룹) - 팀 채팅방 - 나와의 채팅방 - 챗 ID 없는 방 - 채널 채팅방 | G89: 2. [새폴더 만들기] 버튼 미 노출 *폴더 최대 생성개수 10개 | AB89: 3 | AC89: app | AD89: v25.11.1
D90: 폴더 지원 불가 채팅방 - 비밀채팅방 - 조용한 채팅방 - 오픈채팅방 ㄴ 1:1 오픈 채팅방 ㄴ 그룹 오픈 채팅 | E90: 생성폴더 개수 9개 이하 | F90: 1. 전체 & 안읽음 & 추천폴더 칩 선택 2. 임의 채팅방 롱탭 > [새폴더 만들기] 메뉴 노출 여부 확인 - 비밀채팅방 - 조용한 채팅방 - 오픈채팅방 ㄴ 1:1 오픈 채팅방 ㄴ 그룹 오픈 채팅 | G90: 2. [새폴더 만들기] 버튼 미 노출 *폴더에 지정 불가능한 채팅방 타입은 새폴더 만들기 불가 | AB90: 3 | AC90: app | AD90: v25.11.1
C91: 사용자 생성 칩 | H91: - | I91: - | AB91: - | AC91: app | AD91: v25.11.1
D92: 지원 채팅방 - 일반 채팅방 (1:1) - 일반 채팅방 (그룹) - 팀 채팅방 - 나와의 채팅방 - 챗 ID 없는 방 - 채널 채팅방 | E92: 생성폴더 개수 9개 이하 | F92: 1. 사용자생성 칩 선택 2. 임의 채팅방 롱탭 > [새폴더 만들기] 메뉴 노출 여부 확인 - 일반 채팅방 (1:1) - 일반 채팅방 (그룹) - 팀 채팅방 - 나와의 채팅방 - 챗 ID 없는 방 - 채널 채팅방 | G92: 2. [새폴더 만들기] 버튼 미노출 *사용자 폴더를 제외한 서비스 제공 폴더에만 제공 | AB92: 3 | AC92: app | AD92: v25.11.1
A93: 사용자 생성 폴더 칩 롱탭 > 채팅방 추가 메뉴 | F93: '폴더 칩' 통한 채팅방 추가 지원 방 - 사용자 생성칩 | G93: '폴더 칩' 통한 채팅방 추가 미지원 방 - 전체칩 - 안읽음 칩 - ChatGPT | H93: - | I93: - | J93: - | K93: - | L93: - | M93: - | N93: - | O93: - | AB93: - | AC93: app | AD93: v25.11.0
B94: 사용자 생성 칩 롱탭 | E94: 생성된 폴더에 추가된 채팅방 Y | F94: 1. 생성된 폴더 칩 선택 2. '사용자 생성' 칩영역 롱탭 | G94: 1. 추가된 채팅방 리스트 노출 - 일반 채팅방(1:1, 그룹) - 팀 채팅방 - 나와의 채팅방 - 조용한 채팅방 (개별 채팅방) - 채널 채팅방 - 알림톡 - 그 외 (스레드, 피드, 통화, 데이터 만료 알림, 카나나 등등) * 비밀채팅방은 추가 못함 2. Context Menu 노출 - 채팅방 추가 - 폴더 편집 - 폴더 삭제 - 순서 변경 | AB94: 1 | AC94: app | AD94: v25.8.0 | AF94: ㄴ
C95: 폴더에 추가 성공 | E95: 변경사항 있음 | F95: 1. Context Menu > '채팅방 추가' 선택 2. 임의 A 채팅방 선택 후 [확인] 3. '폴더이름' 폴더가 업데이트 되었어요. [폴더로 이동] 선택 | G95: 1. 채팅방 선택 화면 노출 - 상단 타이틀 : <-, 채팅방 선택, [확인] * 채팅방 선택 화면으로 랜딩전에 폴더 편집 화면이 잠시 노출됨 - 입력 필드 : [채팅방 이름, 참여자 검색] - 보유한 채팅방 리스트 ( ) 라디오 버튼 2. 폴더 추가 완료 토스트와 함께 기존에 머물더 칩으로 랜딩됨 - '폴더이름' 폴더가 업데이트 되었어요. [폴더보기] 선택 *[추가한 폴더] 화면으로 랜딩전에 폴더 편집 화면이 잠시 노출됨 3. 사용자가 지정한 폴더로 랜딩됨 | AB95: 1 | AC95: app | AD95: v25.8.0
D96: 채팅방 해제 | E96: 변경사항 없음 | F96: 1. Context Menu > '채팅방 추가' 선택 2. 변경사항없이 좌측 상단 [<] 이전 버튼 선택 - Android : 단말 백버튼 3. 변경사항없이 [확인] | G96: 1. 채팅방 선택 화면 노출 - 상단 타이틀 : <-, 채팅방 선택, [확인] * 채팅방 선택 화면으로 랜딩전에 폴더 편집 화면이 잠시 노출됨 - 입력 필드 : [채팅방 이름, 참여자 검색] - 보유한 채팅방 리스트 ( ) 라디오 버튼 2. 변경사항 없이 닫았을 때 스낵바 미 노출됨 3. 변경사항 없이 닫았을 때 스낵바 노출됨 *[추가한 폴더] 화면으로 랜딩전에 폴더 편집 화면이 잠시 노출됨 | AB96: 1 | AC96: app | AD96: v25.8.0 | AF96: * 피커/편집뷰 > 완료 시점 - 해당 폴더 리스트를 보고 있지 않은 경우 '폴더이름' 폴더가 업데이트 되었어요. 스낵바 노출 (별도분기 없음) * 피커/편집뷰 > 뒤로가기로 이탈 - 업데이트된 케이스가 아니므로 스낵바 미노출 https://jira.daumkakao.com/browse/QATEAM-8525
A97: 채팅탭 설정 | H97: - | I97: - | J97: - | K97: - | L97: - | M97: - | N97: - | O97: - | AB97: - | AC97: app | AD97: v25.11.0
B98: 설정 | F98: 1. 채팅탭 > 설정 아이콘 Tap 2. 각 기능 동작 여부 확인 | G98: 1. 채팅탭 설정 메뉴 노출 (Only Android) - 채팅방 관리 - 정렬 - 채팅방 폴더 설정 - 전체 설정 - 조용한 채팅방 숨김한 경우 (조용한 채팅방 해제) (Only iOS) - 최신 메시지 - 안읽은 메시지순 - 즐겨찾기 순 - 채팅방 관리 - 채팅방 폴더 관리 - 전체설정 - 조용한 채팅방 숨김한 경우 (조용한 채팅방 해제) 2. 각 기능 정상 동작함 | AB98: 1 | AC98: app | AD98: v25.8.0
C99: 채팅방 관리 | F99: 1. 채팅방 관리 화면 확인 2. 모두 읽음 3. 채팅방 순서 변경 4. 선택 가능한 타입의 채팅방과 채팅방 선택시 변경되는 사항 확인 | G99: 1. 채팅방 관리화면 노출됨 - 상단 타이틀 : a [<], i(완료) 채팅방 관리 선택해제 - .전체 채팅방 리스트 - [모두읽음] [나가기] 2. 편집 모드 종료 후 채팅 탭 복귀 - 채팅 목록상 읽지 않은 모든 챗방이 읽음 처리됨 - 새메시지가 없는 경우 버튼 비활성화 3. 상단 고정된 채팅방 간에 순서가 변경됨 - 순서 변경 완료해도 편집모드가 해제되진 않음 - 순서 변경 후 챗목록 복귀시 변경한 순서가 반영돼 있음 4. 채팅방 선택시 변경사항 : 버튼 label 변경 [모두 읽음] --> [읽음] (새메시지 있는 챗방 포함 선택한 경우만 [읽음] 활성화) : [선택 해제] 버튼 비활성화 --> 활성화 : [나가기] 버튼 비활성화 --> 활성화 | AB99: 1 | AC99: app | AD99: v25.8.0 | AF99: (koko,26/2) 순서 변경은 상단 고정 설정한 채팅방 최소 n개 이상이어야 핸들 Ui가 노출 및 동작 가능함 (1개 설정 시 핸들은 노출되나 순서 변경이 불가)
C100: 정렬 | F100: 전체 채팅방 - 채팅방 A : 최신 1 - 채팅방 B : 최신 2 + 안읽은메시지 1 - 채팅방 C : 최신 3 + 즐겨찾기 - 채팅방 D : 최신 4 + 안읽은메시지 1 + 즐겨찾기 - 채팅방 E : 최신 5 + 안읽은메시지 2 *최신1이 제일 최근, 최신5가 제일 오래됨. (뒤에서부터 세팅) | G100: 생성된 폴더 채팅방 - 채팅방 A : 최신 1 - 채팅방 C : 최신 3 + 즐겨찾기 - 채팅방 E : 최신 5 + 안읽은메시지 2 *폴더 생성 후 방 A,C,E 추가 | H100: - | I100: - | AB100: - | AC100: app | AD100: v25.8.0
...

Sheet 5.일반채팅
B1: 일반채팅 | G1: P1진행 | AG1: =COUNTIF(AG5:AG1559, "?*") -> 42
A2: 분류1 | B2: 분류2 | C2: 분류3 | D2: 분류4 (기능) | E2: 사전 조건 | F2: Test Step (체크할 항목) | G2: 기대결과 | H2: 6 | I2: 6 | AB2: 분류 | AE2: Comment & Jira | AF2: Spec & Tip | AG2: TC Review | AH2: Memo
H3: =IF(COUNTIF('리그레션 플랜'!C12:D12, "a15"), "a15", IF(COUNTIF('리그레션 플랜'!C12:D12, "a16"), "a16", "")) -> a16 | I3: =IF(COUNTIF('리그레션 플랜'!C12:D12, "i18"), "i18", IF(COUNTIF('리그레션 플랜'!C12:D12, "i26"), "i26", "")) -> i18 | AB3: =COUNTIF($AB5:$AB1010, "<=" & MAX('입력값'!$L$3:$L1559)) -> 594 | AD3: v26.6.0 | AE3: 작성 : TE | 관리 : TE/QA | AF3: 작성 : TE & QA | 관리 : QA | AG3: 작성 : TE | 관리 : QA | AH3: 작성 : anyone | 관리 : 작성자
I4: 코코/진 | AB4: P | AC4: C | AD4: V | AE4: 수행중 발견한 버그의 링크. 닫힘 확인한 사람이 삭제. | AF4: 스펙 및 테스트팁 | AG4: TE가 TC 수정 요청 및 문의, QA가 반영 완료 후 삭제 | AH4: 테스트 진행 중 필요한 메모 입력
A5: 채팅방 메인뷰 | H5: - | I5: - | AB5: - | AC5: app | AD5: v9.9.5
A6: 채팅방 전체 | B6: UI | E6: _x0008_ | F6: 채팅방 전체 영역 UI 확인 | G6: 채팅방 상단, 채팅 영역, 입력 영역 노출됨 - 상단 영역 : 뒤로 가기, 안읽은 메시지 갯수(iOS only, 안읽은 메시지 있는 경우만 노출), 채팅방명, 검색, 사이드 메뉴 아이콘 - 채팅 영역 : 공지(있는 경우만 노출), 말풍선 영역, 날짜 피드메시지 - 입력 영역 : 플러스 메뉴, 입력창, 이모티콘, #검색 아이콘 ㄴ 카나나 검색 OFF : #검색 아이콘 ㄴ 카나나 검색 On : 카나나 검색 아이콘 | AB6: 1 | AC6: app | AD6: v26.4.0
A7: 채팅방 상단 영역 | H7: - | I7: - | AB7: - | AC7: app | AD7: v9.9.5
B8: UI | H8: - | I8: - | AB8: - | AC8: app | AD8: v9.9.5
E9: 1:1 채팅방 | F9: 상단 영역 UI 확인 | G9: 뒤로 가기 아이콘, (iOS) 안읽은 메시지 갯수(안읽은 메시지 있는 경우만 노출), 채팅방명, 검색 아이콘, 사이드 메뉴 아이콘 노출됨 - 채팅방명 : 대화상대 닉네임 | AB9: 1 | AC9: app | AD9: v25.11.0 | AF9: (enzo, 26/5) 1:1 채팅방 뒤로 가기 아이콘, (iOS) 안읽은 메시지 갯수(안읽은 메시지 있는 경우만 노출), 채팅방명, 검색 아이콘, 통화 아이콘, 사이드 메뉴 아이콘 노출됨
E10: 그룹채팅방 | F10: 상단 영역 UI 확인 | G10: 뒤로 가기 아이콘, (iOS) 안읽은 메시지 갯수(안읽은 메시지 있는 경우만 노출), 채팅방명(방인원), 검색 아이콘, 사이드 메뉴 아이콘 노출됨 - 채팅방명 : 생성 시 설정한 이름 | AB10: 1 | AC10: app | AD10: v25.11.0
B11: 뒤로 가기 | F11: 뒤로 가기 아이콘 탭 | G11: 채팅 목록 페이지로 이동됨 | AB11: 3 | AC11: app | AD11: v9.9.5
B12: 채팅방 검색 (타임머신) | F12: 검색 아이콘 탭 | G12: 검색 화면으로 전환 - 검색 입력란 : "대화내용 검색" - 메시지 검색 입력란에 커서 포커싱 되면서 키보드 올라옴 *상세 케이스는 채팅방 검색 TC에서 수행 | AB12: 1 | AC12: app | AD12: v25.2.0 | AF12: (bono,25/4) 안드,iOS 프리챗방 > 검색버튼 활성화 상태로 노출되는것 현상태 유지
B13: 사이드 메뉴 | F13: 사이드 메뉴 아이콘 탭 | G13: 사이드 메뉴가 노출됨 | AB13: 1 | AC13: app | AD13: v9.9.5
A14: 채팅 영역 | H14: - | I14: - | AB14: - | AC14: app | AD14: v9.9.5
B15: UI | F15: 채팅 영역 UI 확인 | G15: 공지(있는 경우만 노출), 송수신 말풍선 영역, 날짜 피드메시지 노출됨 | AB15: 1 | AC15: app | AD15: v9.9.5 | AF15: (Jameson, 25/1) Android : 채팅방 공지 있을 시, 날짜피드 가려짐 >> 하기 이슈 코멘트 참조 https://jira.daumkakao.com/browse/OPENCHATQA-7
B16: 말풍선 공통 | H16: - | I16: - | AB16: - | AC16: app | AD16: v9.9.5
C17: UI | F17: 말풍선 영역 UI 확인 | G17: 송수신 말풍선 노출됨 - 송신 : 말풍선, 송신 시간, '1'(안읽은 경우만 노출) - 수신 : 프로필 이미지, 닉네임, 말풍선, 수신 시간 | AB17: 1 | AC17: app | AD17: v9.9.5.1
C18: 전송 실패 | H18: - | I18: - | AB18: - | AC18: app | AD18: v9.9.5
D19: UI | E19: 비행기모드에서 10분 대기 | F19: 전송 실패 메시지 노출 확인 | G19: 송신 말풍선 좌측 재시도, 삭제 아이콘 노출됨 | AB19: 1 | AC19: app | AD19: v9.9.5.1 | AF19: (diaz, 25/7) 발신 실패 비행기 모드 전환 후 날짜 변경시 확인 원할함 비행기 모드 10~20분 대기시 전송실패 미노출.
D20: 재시도 | F20: 1. 재시도 아이콘 탭 2. [재전송] 버튼 탭 | G20: [Android] 1. 재전송 얼럿 노출됨 - 얼럿 재전송하시겠습니까? [삭제] [재전송] [iOS] 1. 바텀시트 노출됨 - [재전송] [삭제] 2. 메시지 재전송됨 | AB20: 1 | AC20: app | AD20: v10.2.5
D21: 삭제 | F21: 1. 삭제 아이콘 탭 2. [삭제] 버튼 탭 | G21: [Android] 1. 재전송 얼럿 노출됨 - 얼럿 재전송하시겠습니까? [삭제] [재전송] [iOS] 1. 바텀시트 노출됨 - [재전송] [삭제] 2. 메시지 삭제됨 | AB21: 1 | AC21: app | AD21: v10.2.5
C22: 네트워크 불안정 상태 | H22: - | I22: - | AB22: - | AC22: app | AD22: v9.9.5
D23: 전송 | F23: 텍스트 입력 후 전송 | G23: 종이비행기가 표시된 상태로 송신측에 메시지 표시됨 | AB23: 1 | AC23: app | AD23: v9.9.5
D24: 원활한 상태 변경 | F24: 로코 재접속 | G24: 종이비행기로 표시된 메시지 전송됨 | AB24: 1 | AC24: app | AD24: v9.9.5
B25: 링키파이 이벤트 (담당자 : @poby @ssoya) | H25: - | I25: - | AB25: - | AC25: app | AD25: v25.6.0
C26: 축하선물 > 선물하기 | H26: - | I26: - | AB26: - | AC26: app | AD26: v25.6.0
D27: 트리거텍스트 매칭 | E27: 상시운영 이벤트 1. 생일 2. 결혼 3. 일반 *트리거텍스트 전체정보는 메모 참조 | F27: 1. 트리거텍스트 전송 처리 - 30자 이내, 트리거텍스트 포함된 텍스트 입력 후 전송 - 보낸사람, 받는사람 모두 확인 | G27: 1. 채팅방 상하단에 축하배너 노출 - 일정(어드민 정의된) 시간이 지나면 자동으로 숨겨짐 - 해당 채팅방 재진입 시, 노출조건에 해당하면 배너 재노출 | AB27: 1 | AC27: app | AD27: v25.6.0
D28: 트리거말풍선 발화 | F28: 2. 트리거말풍선 갯수에 따른 발화 처리 - 상단배너, 하단배너 - 축하하기 배너 선택 시, 선물하기 바텀시트 노출 - 바텀시트 우측 상단 폭죽쏘기 탭 시, ㄴ애니메이션 발화 + 상단 배너 노출 ㄴ어태치말풍선 발송 | G28: 2. 트리거말풍선 누적 갯수 설정에 맞춰 노출 - 상단배너 - 하단배너 - 애니메이션 | AB28: 1 | AC28: app | AD28: v26.4.0 | AF28: (ssoya, 26/4) 리글TC 수정반영 - 링키파이 최근 스펙 적용
D29: 선물하기 미니 연동 | F29: 3. 선물하기 배너 탭 | G29: 3. 선물하기 미니 바텀시트 열림 - 생일자 유무, 생일자 인원에 따라 친구피커or선물하기 미니로 즉시 랜딩 처리 됨 ㄴ생일자 1명 : 선물하기 미니로 즉시 이동 (생일자 타겟 고정) ㄴ생일자 0명/복수명 : 친구피커로 이동 > 친구 선택 시 선물하기 미니로 이동 | AB29: 1 | AC29: app | AD29: v25.6.0 | AF29: (sovie, 25/10) 선물하기 배너 클릭시 생일자 유무상관 없이 선물하기 미니 하프뷰 노출 ㄴ 생일자 1명: 생일자인 친구 지정되어 노출됨 ㄴ 생일자 0명/복수명 : 친구 지정되어 있지 않음
D30: 선물완료 | E30: 결제용 쇼핑포인트 세팅 필요 [중요] 선물 완료한 경우, 즉시 결제취소 해야함. ㄴ보낸선물에서 취소 가능 | F30: 4. 선물완료 > '이 채팅방에 자랑하기' 실행 | G30: 4. 채팅방 별로 대상 말풍선 발송 - 해당 채팅방 : 선물완료 피드 발송 + 선물완료 애니메이션 발화 - 선물수신자 1:1방 : 선물완료 레버리지 말풍선 발송 | AB30: 2 | AC30: app | AD30: v25.6.0 | AF30: 쇼핑포인트 세팅 문의 ㄴ@ssoya.may @poby.haha (yumi, 25/6) 6차 N처리로 협의(Poby.haha) (moz) 우선순위 1까지만 확인하므로 n마킹은 삭제
B31: 말풍선 리액션 (담당자 : @ssoya) | H31: - | I31: - | AB31: - | AC31: app | AD31: v25.3.0 | AF31: (ssoya, 26/4) 뉴리액션 스펙 반영 - 서비스명 변경 : 공감 -> 리액션 - 말풍선 1개당 리액션 복수 추가 가능 ㄴ미니 : 최대 30개 ㄴ구버전클라 기존 6종 : 6개 => 총 36개 - 리액션 무임승차 ㄴ구독 여부 무관하게 말풍선 하단에 다른사람이 추가한 리액션 버블 눌러 추가 가능 - 이모티콘플러스 구독 상태에 따라 리액션 피커 정보 차등 제공 ㄴ구독 : 최근사용 / 기본 100종 / 카테고리별 미니이모티콘 ㄴ미구독 : 최근사용 / 기본 100종 / 보유한 미니이모티콘
C32: 일반채팅 ㄴ1:1, 그룹 | H32: - | I32: - | AB32: - | AC32: app | AD32: v25.3.0
E33: 테스트대상 - 1:1, 그룹 채팅방 | F33: 채팅방 내 말풍선 리액션 기능 확인 1) 리액션기능 노출 처리 확인 | G33: 1) 7일 이내 수발신된 말풍선에 말풍선 리액션 기능 사용 가능 - 롱탭 시 컨텍스트 메뉴에 리액션 퀵바 & 기본 진입점 노출 - 7일 이전 말풍선은 메뉴 미노출 ㄴ7일 이전 말풍선 하단의 리액션 버블 선택하여 추가/해제 시도시, 리액션 불가 안내 - 채팅방 입력창 잠금 기능 ON/OFF와 무관하게 기능 사용 가능 - 기능 제공하는 채팅방의 모든 말풍선에서 사용 가능 | AB33: 1 | AC33: app | AD33: v26.4.0 | AF33: ** 해외번호 가입자 : 기능 동일 제공 ** 말풍선 하단 리액션아이템 노출 스펙은 과제 wiki의 TC 참조 *7일 이전 말풍선 확인 방법 7일 이전 수발신한 말풍선이 없다면, 확인하는 단말의 시간을 7일 뒤로 미뤄 채팅방 재진입하여 확인가능
F34: 2) 리액션기능 동작 확인 | G34: 2) 리액션 선택 시 해당 말풍선에 적용, 재선택 시 해제 됨 - 리액션 선택 가능한 진입점 ㄴ컨텍스트 메뉴 > 리액션 퀵바 & 기본 진입점 ㄴ말풍선 하단 > 리액션 버블 & 말풍선 진입점 - 기본 진입점, 말풍선 진입점 탭 > 리액션 피커 진입 ㄴ이모티콘플러스 미구독 : 최근 사용 + 기본 리액션 + 보유한 미니이모티콘 순서대로 제공 ㄴ이모티콘플러스 구독 : 최근 사용 + 기본 리액션 + 카테고리별 리액션탭 제공 ㄴ움직이는 미니이모티콘은 애니메이션 동작 - 리액션 add/follow/remove 동작 ㄴ1개 말풍선당 여러개의 아이템 선택 가능 ㄴ선택한 리액션 버블 재 선택시 취소 됨 (리액션 피커 내에서 선택 시는 무반응) ㄴ선택한 리액션 외의 다른 리액션 선택 시 추가 선택 됨 ㄴ말풍선 하단 리액션버블 카운트에 반영 ㄴ최대 36개의 리액션아이템 노출 : 선택된 리액션아이템 전체 노출 (미니이모티콘 뉴리액션 30개 + 하위버전의 구리액션 6개) ㄴ움직이는 미니이모티콘은 애니메이션 4회 반복 후 멈춤 (스크롤 이동 시마다 4회 반복) - 말풍선 하단 리액션버블 롱탭 > 리액션 친구 목록에 반영 - 플랫폼 간 실시간으로 반영 (Android, iOS, MAC, PC / 태블릿) | AB34: 1 | AC34: app | AD34: v26.4.0 | AF34: *리액션 피커 > 최근 사용 영역 - 리액션 피커 내에서 직접 선택해 사용한 리액션이 있는 경우만 노출 - 리액션 퀵바 / 리액션 버블 follow로 사용한 경우는 제외
F35: 3) 빠른 리액션기능 동작 확인 | G35: 3) 말풍선 더블탭 시 '설정 > 채팅 > 두 번 탭하여 빠른 리액션'에 설정한 값으로 리액션 아이템 적용 됨 - 설정값 종류 : 하트, 따봉, 체크, 웃음, 놀람, 슬픔, 사용 안 함 - 내가 리액션한 데이터가 있을때, 해당 말풍선 더블탭 시는 리액션 취소 됨 - 빠른 리액션 지원되는 말풍선 타입 ㄴ텍스트 ㄴ텍스트 + URL ㄴ텍스트 + 이모티콘 - 로우 영역을 통한 더블탭 기능 사용 (로우 영역 : 말풍선 테두리에 해당) ㄴ전체 말풍선의 말풍선 로우 영역 > iOS : 말풍선 영역의 좌우만 해당 > Android : 말풍선 영역 및 말풍선 하단 댓글영역, 리액션영역의 좌우까지 해당 | AB35: 1 | AC35: app | AD35: v26.4.0 | AE35: (lora, 26/5) QATEAM-13444 말풍선 더블탭 하여 빠른 리액션 동작/취소시 간헐적으로 '일시적인 오류가 발생했습니다.' 알럿 노출 | AF35: *로우영역이란? - 말풍선의 좌우 빈공간 (ssoya, 26/4) 뉴리액션 참고사항 : 노운이슈 공유 - 더블탭 가능한 영역은 말풍선 좌우 영역만 해당 - Android 댓글/리액션버블영역까지 가능한 것은 과제 노운이슈 (https://jira.daumkakao.com/browse/QATEAM-12302)
F36: 4) 리액션한 친구 목록 확인 | G36: 4) 리액션한 친구 목록 화면 - 하프뷰로 열리며, 풀뷰로 확장 가능 - 리액션별 탭으로 구성되며, 탭 선택 시 탭간 이동 됨 ㄴ내 리액션이 제일 상위 노출 + 리액션 추가한 순서대로 노출됨 - 각 탭은 리액션별 선택된 갯수와 선택한 친구 정보를 노출 ㄴ선택한 친구 정보는 프로필사진 / 프로필명 / 선택한 리액션아이템 표시 > 나뱃지, 팀채팅의 방장, 오픈채팅의 방장/부방장/오픈프로필 뱃지 노출 > 프로필은 멀티프로필 기준으로 노출 됨 ㄴ선택한 친구 Tap > 프로필화면으로 랜딩 - 네트워트 단절 시 (디바이스 비행기 모드로 확인 가능) ㄴ'일시적인 오류로 리액션한 친구 목록을 불러올 수 없습니다.' 안내 문구 노출 | AB36: 1 | AC36: app | AD36: v26.4.0 | AF36: ** 리액션한 친구 목록 > 친구 상태에 따른 노출 스펙 - 친구아님 : 프로필사진위 ? 표시 - 탈퇴한 친구 : 알 수 없음 (enzo, 26/5) 네트워크 단절 시 '일시적인 오류로 리액션 목록을 불러올 수 없습니다.' 안내 문구 노출
F37: 5) 채팅방 관련 서비스 연동 확인 | G37: 5) - 리액션 데이터 함께 삭제/가리기 됨 ㄴ모두에게서 삭제 ㄴ나에게서 삭제 > 나의 말풍선만 삭제되므로, 대화상대의 말풍선에는 리액션데이터가 남아있음 - 리액션 데이터 노출 함 ㄴ댓글상세화면 ㄴ캡쳐 ㄴ말풍선 신고 화면 (팀채팅은 신고 제외) ㄴ채팅방 검색 화면 (타임머신) - 리액션 데이터 노출하지 않음 ㄴ대화내보내기 | AB37: 1 | AC37: app | AD37: v26.4.0 | AF37: *댓글상세화면 - 26/4차 기준, 오픈채팅에서만 확인 가능 (pond, 25/7) Android : 구조상 애니메이션은 상단 배너 아래로 노출됨 https://jira.daumkakao.com/browse/QATEAM-3903
D38: 복원 처리 확인 | E38: 채팅방 내 복원된 말풍선이 있는 경우 | F38: 1. 챗로그 백업 > 톡 재설치 > 복원 완료 > 말풍선 리액션 데이터 확인 2. 유실선 > 유설선 대화 불러오기 > 말풍선 리액션 데이터 확인 3. 팀채팅only > 스크롤업 > 이전 대화 불러오기 > 말풍선 리액션 데이터 확인 | G38: 1. 2. 3. 복원된 챗로그에 리액션 데이터가 있다면 모두 노출 *참고 - 리액션은 백업/복원 대상은 아님. 서버 저장 정보를 보여줌. | AB38: 1 | AC38: app | AD38: v26.4.0
E39: 말풍선 복원 후 리액션아이템 복원을 실패한 경우 | F39: 1. 채팅방 챗로그 백업 > 톡 재설치 > 복원 완료 2. 채팅방 말풍선의 리액션아이템 데이터 확인 | G39: 리액션아이템 복원되지 않으나, 채팅방 말풍선은 정상노출되고 기능 사용 가능 - 개별 말풍선에 리액션아이템 선택 : 해당 말풍선 데이터가 복원되고 신규 데이터가 적용 됨 - 대상 채팅방을 나갔다가 재입장 시 : 전체 말풍선 리액션 아이템 데이터를 복원 함 ㄴ복원 실패 사유가 존재하면, 재입장시에도 복원 불가 | AB39: 3 | AC39: app | AD39: v9.8.0
D40: 예외처리 확인 | E40: 대화가 불가능한 사용자와의 채팅방 - 차단 기능 활용 ㄴ대화 상대방에게 차단 당한 상태 등 [참고] 내가 차단한 상대방과의 대화방 말풍선 롱탭하여 확인 (반대의 경우는 리액션 기능 사용 가능함) | F40: 1. 채팅방 내 말풍선 롱탭 > 리액션 기능 제공 확인 | G40: 1. 일반 그룹채팅 > 내가 차단한 경우, 말풍선 리액션 기능 사용 불가 - 내가 차단한 사용자 : 리액션 메뉴 미제공 - 나를 차단한 사용자 : 리액션 메뉴 제공 *참고 일반채팅 > 1:1 채팅에서는 미제공하여 비활성화 됨 팀채팅 > 차단 무관하게 사용 가능 | AB40: 1 | AC40: app | AD40: v26.4.0 | AE40: (enzo, 26/5) QATEAM-13450 일반 그룹채팅방 or 팀 채팅방 > 차단한 상대와 둘만 남은 경우, 말풍선 리액션 메뉴 미제공됨 | AF40: (sovie, 26/2) QATEAM-10377 차단한 사용자와의 1대1 대화방 내 리액션 아이템 선택 시 7일 경과 관련 내용으로 토스트 팝업됨 ㄴ 추후 과제에서 개선 여부 확인 | AG40: [TC 수정 필요] 1. 일반 그룹채팅 > 내가 차단한 경우, 말풍선 리액션 기능 사용 불가 - 내가 차단한 사용자 : 리액션 메뉴 제공 - 나를 차단한 사용자 : 리액션 메뉴 제공 *참고 일반채팅 > 1:1 채팅에서는 미제공하여 비활성화 됨 팀채팅, 그룹채팅 > 차단 무관하게 사용 가능
E41: 입력창이 막힌 상태의 채팅방 (1~3 모두 진행) 1. 차단 친구와의 채팅방 2. 인증 뺏긴 친구와의 채팅방 3. 탈퇴한 친구와의 채팅방 *채팅방에서 컨텍스트 메뉴가 노출된 상태에서 상대방이 인증이 뺏기거나, 탈퇴하는 경우, 또는 PC에서 해당 친구를 차단하는 경우에 해당 | F41: 채팅방 내 말풍선 롱탭 > 리액션 기능 제공 확인 | G41: 말풍선 리액션 기능 사용 불가 - 말풍선 롱탭 시 컨텍스트 메뉴 내 해당 메뉴 미노출 | AB41: 3 | AC41: app | AD41: v9.8.0
C42: 나와의 채팅 | H42: - | I42: - | AB42: - | AC42: app | AD42: v26.4.0
E43: 테스트대상 - 나와의 채팅방 | F43: 1. 채팅방 내 말풍선 롱탭 > 리액션 기능 제공 확인 | G43: 1. 말풍선 리액션 기능 사용 불가 - 말풍선 롱탭 시 컨텍스트 메뉴 내 해당 메뉴 미노출 | AB43: 1 | AC43: app | AD43: v26.4.0
B44: 대화상대의 프로필 | H44: - | I44: - | AB44: - | AC44: app | AD44: v9.9.5
C45: 친구 여부 | H45: - | I45: - | AB45: - | AC45: app | AD45: v9.9.5
D46: 친구 AND 주소록 등록 완료 | F46: 상대방 메시지 좌측 상대방 프로필 사진 탭 | G46: 상대방의 프로필 노출됨 (iOS) ㄴ [1:1채팅] [통화하기] [페이스톡] [펑](등록된 게시물이 있는 경우) (android) ㄴ [1:1채팅] [통화하기] [페이스톡] [펑](등록된 게시물이 있는 경우) *(iOS only) 1:1채팅방 내에서 탭한 경우 [1:1채팅] 버튼 없음 | AB46: 1 | AC46: app | AD46: v10.3.5 | AF46: (juanaa/25/8) 상대방 메세지 좌측 상대방 프로필 사진 탭> [1:1] 채팅 / [통화] ㄴ [통화] 상대방 프로필 명 보이스톡 페이스톡 전화번호 (rex, 25/8) 1:1채팅방 상대 프로필 상세화면이 안드,아이가 다름 안드 : [1:1 채팅 | 통화 ] 아이 : [ 보이스톡 | 페이스톡 ] | AG46: (bono,25/11) 안드,아이 동일하게 노출됨, 채팅방을 통해 상대방 프로필 진입시 - [통화](탭 시 보이스톡,상대방 번호) | [페이스톡] - 펑은 등록한 게시물이 있는 경우, 상대방 프로필 영역 클릭시 진입 (lora, 26/5) 프로필 진입시 - [1:1 채팅][통화](탭시 통화하기 하프뷰 보이스톡, 페이스톡, 등록된 연락처 번호)
D47: 친구 AND 주소록 저장 X(전화번호 X) | F47: 상대방 메시지 좌측 상대방 프로필 사진 탭 | G47: 상대방의 프로필 노출됨 (iOS) ㄴ [1:1채팅] [보이스톡] [페이스톡] [펑](등록된 게시물이 있는 경우) (android) ㄴ [1:1채팅] [보이스톡] [페이스톡] [펑](등록된 게시물이 있는 경우) *(iOS only) 1:1채팅방 내에서 탭한 경우 [1:1채팅] 버튼 없음 | AB47: 1 | AC47: app | AD47: v10.3.5 | AF47: (bono,25/11) 안드,아이 동일하게 노출됨,채팅방을 통해 상대방 프로필 진입시 [통화](탭시 보이스톡,상대방 번호) | [페이스톡] | AG47: (juanaa/25/8) 상대방 메세지 좌측 상대방 프로필 사진 탭> [1:1] 채팅 / [통화] ㄴ [통화] 상대방 프로필 명 보이스톡 페이스톡 (bono,25/11) 안드,아이 동일하게 노출됨, 채팅방을 통해 상대방 프로필 진입시 - [보이스톡] | [페이스톡] - 펑은 등록한 게시물이 있는 경우, 상대방 프로필 영역 클릭시 진입
D48: 친구 X | F48: 상대방 메시지 좌측 상대방 프로필 사진 탭 | G48: 친구 여부에 따른 버튼 노출여부 및 기능 동작 - 친구 X상태 > [친구 추가] - 친구 차단 상태 > [차단 해제] | AB48: 1 | AC48: app | AD48: v25.11.0
B49: 공지 영역 | E49: 텍스트 공지 등록된 상태 | H49: - | I49: - | AB49: - | AC49: app | AD49: v9.9.5
C50: UI | F50: 공지 영역 UI 확인 | G50: 채팅방 상단 공지 노출됨 - 확성기 아이콘, 공지 내용, X 노출 ㄴ새공지가 있는 경우 좌측상단 빨간점 노출 - 최대 2줄 노출 후 2줄 초과 시 말줄임처리 | AB50: 1 | AC50: app | AD50: v26.3.0 | AF50: (ssoya, 26/3) 채팅방 UI 정비 스펙 반영 공지 배너 스펙 축소 - 공지 확장, 접어두기 스펙 제거
C51: 공지 삭제 | F51: [X] 버튼 탭 | G51: 공지 배너 사라짐 | AB51: 1 | AC51: app | AD51: v26.3.0
C52: 공지 게시글 | F52: 공지 배너 탭 | G52: 공지로 등록된 게시글로 이동됨 | AB52: 1 | AC52: app | AD52: v26.3.0
B53: 스크롤 인디케이터 (날짜 버블) | E53: 수발신 메시지 한 페이지 이상 있는 상태 | F53: 채팅방 스크롤 | G53: 현재 스크롤하고 있는 화면의 채팅이 수발신된 날짜가 - 스크롤 중일때만 스크롤바에 버블로 표시됨 | AB53: 1 | AC53: app | AD53: v25.11.0
B54: 채팅방 하단 이동 (아래로 바로 가기 - V버튼) | E54: 채팅방 한화면이상 스크롤가능한 상태 - 챗로그의 크기에 따라 가변적 | F54: 1. 채팅방 과거 대화 내용 스크롤 2. 아래로 바로가기(V) 버튼 탭 | G54: 1. 아래로 바로가기(V) 버튼 우측 하단 노출됨 2. 채팅방 라스트 메시지로 이동됨 | AB54: 1 | AC54: app | AD54: v25.11.0 | AF54: (moz) 챗로그의 크기에따라(장문, 이미지 등) 고정개수(10개, 20개 등) 무관하게 스크롤 발생가능
B55: 새 메시지 배너 | E55: 안읽은 메시지가 11개 이상인 상태 | F55: 채팅방 진입 > 새 메시지 배너 탭 | G55: 최하단으로 이동되며 라스트메시지 노출됨 *안읽은 메시지의 처음으로 이동한 후에, 새 매시지 배너 탭하면 최하단으로 이동되며 라스트 메시지 확인가능함 | AB55: 1 | AC55: app | AD55: v25.11.0
B56: 챗로그 유실선 | E56: [Sandbox 환경에서 확인] | F56: Spec & Tip 에 적힌대로 유실선 생성 동작 수행 | G56: 챗로그 유실선이 노출됨 * 21.톡클라우드_백/복(로직) - 231번 행부터 유실선 동작 확인 진행 | AB56: 1 | AC56: app | AD56: _x0008_v25.7.0 | AF56: * 샌박에서 유실선 진행 방법 그룹 채팅방에서 비행기모드 전환>친구가 메시지를 발송>10분 대기> minlogid사용> 비행기모드 해지 후 확인 - 이미지 or 텍스트 둘 중 하나만 전송해야함 (둘 다 전송할 경우, 유실선이 안생길 수 있음) * iOS는 CBT옵션으로 유실선 생성 가능 (wizy,2024/4) And (Debug App) 메시지롱탭 > [서랍] 유실선 생성 > 위로 생성 또는 아래로 생성 선택 > 유실선 생성
B57: 날짜 피드메시지 | F57: 타임머신 영역 탭 | G57: 캘린더 레이어 노출되며 마지막 대화가 발생한 달로 열림 (마지막 대화가 있었던 달이 가장 최근 달) * 타임머신 캘린더 레이어(하프뷰) 기능은 채팅방 검색 > 타임머신 영역에서 진행 | AB57: 1 | AC57: app | AD57: v9.9.5 | AF57: * 타임머신 캘린더 하프뷰는 타임머신 기본TC 에서 테스트
B58: 초대/나가기 피드메시지 | H58: - | I58: - | AB58: - | AC58: app | AD58: v9.9.5
C59: 나간상대 다시 초대하기 | E59: 그룹채팅방에서 나간 상대가 친구인 경우 | H59: - | I59: - | AB59: - | AC59: app | AD59: v9.9.5
F60: 그룹채팅방의 대화상대가 채팅방을 나간 후 채팅방 퇴장 피드 확인 | G60: 피드메시지와 다시 초대하기 버튼이 표시됨 - 피드메시지 : (나간 대화상대명) 님이 나갔습니다 [채팅방으로 초대하기] | AB60: 1 | AC60: app | AD60: v9.9.5
F61: 1. [채팅방으로 초대하기] 버튼 탭 2. 얼럿 [취소] 버튼 탭 3. 얼럿 [확인] 버튼 탭 | G61: 1. 초대 얼럿 노출됨 - 얼럿 : (나간 대화상대명)님을 채팅방으로 초대하시겠습니까? [취소][확인] 2. 얼럿 닫힘 3. 초대 피드메시지가 채팅방에 노출되며 나간 대화상대 다시 초대됨 | AB61: 1 | AC61: app | AD61: v9.9.5
C62: 친구 상태 별 초대하기 메뉴 노출 | H62: - | I62: - | AB62: - | AC62: app | AD62: v9.9.5
D63: 채팅방 나간 상대 채팅방 재진입 | F63: 채팅방의 퇴장 피드 확인 | G63: [채팅방으로 초대하기] 버튼 노출되지 않음 | AB63: 1 | AC63: app | AD63: v9.9.5
D64: 차단한 상대와 1:1 대화방 | E64: 대화방을 나간 상대가 나를 차단한 상태 | F64: 1:1 채팅방 진입 후 메시지 발신 | G64: 퇴장 피드가 발생하지 않으며 상대방은 메시지를 받을 수 없음 | AB64: 1 | AC64: app | AD64: v9.9.5
D65: 차단한 상대와 단체 대화방 | E65: 대화방을 나간 상대가 나를 차단한 상태 | F65: 1. [채팅방으로 초대하기] 버튼 탭 2. 얼럿 [확인] 버튼 탭 | G65: 1. 초대 얼럿 노출됨 2. 나간 대화상대 초대되지 않음 | AB65: 1 | AC65: app | AD65: v25.11.0
C66: 예외케이스 | H66: - | I66: - | AB66: - | AC66: app | AD66: v9.9.5
D67: 채팅방 나가기 반복 (피드메시지 여러 개 노출) | F67: 채팅방 퇴장 피드 확인 | G67: 각 피드 현재의 상태를 반영하여 동일하게 표시됨 | AB67: 1 | AC67: app | AD67: v9.9.5
D68: 친구 아닌 A가 채팅방 나간 후 A를 친구 추가하고 채팅방 재진입 | F68: 채팅방의 퇴장 피드 확인 | G68: 친구 관계가 아닌 상태에서는 [초대하기] 메뉴 노출되지 않고 친구 추가 후에는 [초대하기] 메뉴 노출됨 | AB68: 1 | AC68: app | AD68: v9.9.5
D69: 친구였던 A가 채팅방 나간 후 A를 차단하고 채팅방 재진입 | F69: 채팅방의 퇴장 피드 확인 | G69: 친구 관계가 아닌 상태에서는 [초대하기] 메뉴 노출되지 않고 친구 추가 후에는 [초대하기] 메뉴 노출됨 | AB69: 1 | AC69: app | AD69: v9.9.5
D70: 채팅방 나간 상대가 카카오톡 탈퇴 | F70: 1. 채팅방의 퇴장 피드 확인 2. 얼럿 [확인] 버튼 탭 후 채팅방 재진입 | G70: 1. [채팅방으로 초대하기] 버튼이 노출되며 초대 시도 시 친구 탈퇴 얼럿 노출됨 - 얼럿 : 초대하려는 친구는 탈퇴한 사용자입니다. 탈퇴 후 재가입했을 수 있으니, 친구목록에서 친구를 다시한번 찾아보세요. [확인] 2. [채팅방으로 초대하기] 버튼 노출되지 않으며 친구 목록 동기화 후 퇴장 피드내 유저명이 (알수 없음)으로 변경됨 | AB70: 1 | AC70: app | AD70: v9.9.5 | AF70: (robbie, 2024/01) - 채팅방 재진입 : 친구 갱신이 되어야 탈퇴 여부를 알 수 있으므로 계속 초대 가능 : 노운이슈 https://jira.daumkakao.com/browse/ATEAM-6402 https://jira.daumkakao.com/browse/ATEAM-4090 (lottie.2024/4) 퇴장 한 친구 피드 [채팅방으로 초대하기] 버튼은 채팅방 재 진입 시 '(알 수 없음)'으로 노출 확인
B71: 리치피드 (티씨는 작성안함) 참고사항 | F71: A - 모삭 기능 없는 구버전 B - 모삭 기능 있는 최신 버전 B가 기능 동작 시 A는 지원되지 않으므로 최신버전 업데이트 노출 | AB71: - | AC71: - | AD71: v9.9.5 | AF71: 일반채팅 - "모든 대화 상대에게서 메시지 삭제" 기능 사용하는 경우 : hidden = true (최신버전에서는 노출되지 않음) (!)최신버전으로 업데이트해주세요. 노출 | AG71: 참고사항으로 정리해보기 (테스트 진행은 하지 않고 참고용으로)
A72: 입력 영역 | B72: UI | E72: _x0008_ | F72: 입력 영역 노출 확인 | G72: 입력창에 문자가 입력되었을 때 : 플러스 메뉴, 입력창, AI 아이콘, 이모티콘, 전송 아이콘 입력창에 문자가 입력되지 않았을 때 : 플러스 메뉴, 입력창, 이모티콘, #검색 아이콘 더보기탭 > 설정 > 카나나 > 카나나 검색 beta ON/OFF에 따라 검색 아이콘 노출 상이함 - ON : 카나나 검색 아이콘 노출 * 채팅방 입력 영역에서 진행 | AB72: 1 | AC72: app | AD72: v26.4.0
A73: 예외케이스 | H73: - | I73: - | AB73: - | AC73: app | AD73: v9.9.5
B74: 프리채팅방 | H74: - | I74: - | AB74: - | AC74: app | AD74: v9.9.5
C75: 채팅방 개설자 | E75: 채팅방 참여자 : 알림 ON 상태 | F75: 채팅방 신규 생성 > 메시지 최초 발송 | G75: 메시지 발송됨 | AB75: 1 | AC75: app | AD75: v9.9.5 | AF75: 프리채팅방 = 채팅방 개설 후 대화 하지 않은 상태의 채팅방 * 채팅방 기본 UI 위 TC를 통해 확인되므로 생략
C76: 채팅방 참여자 | E76: 채팅방 참여자 : 알림 ON 상태 | F76: 1. 채팅방 신규 생성(개설자) > 메시지 최초 수신(참여자) > 알림 수신 2. 알림을 탭하여 채팅방 진입 | G76: 1. 프리채팅방 알림 수신됨 2. 해당 채팅방으로 이동됨 | AB76: 1 | AC76: app | AD76: v9.9.5
C77: 웰컴메시지 | E77: 1:1 일반채팅방 | F77: 1. 프리채팅방 진입 2. 웰컴메시지 탭 | G77: 1. 웰컴메시지 랜덤 노출 - 1:1 일반채팅방 외 웰컴메시지 미지원 - 이모티콘 구독 여부에 상관없이 노출 2. 이모티콘이 채팅방으로 발송된다. - 채팅방 재진입 시, 웰컴메시지 미노출 | AB77: 1 | AC77: app | AD77: v25.2.0
B78: 스팸뷰 | E78: 친구가 아닌 대화상대 A로부터 메시지 수신한 상태 | H78: - | I78: - | AB78: - | AC78: app | AD78: v9.9.5
C79: UI | F79: A로부터 메시지 수신 | G79: 상단 영역 스팸뷰 표시됨 - [추가] [차단] [신고] 버튼 - '친구로 등록되지 않은 사용자입니다. 금전 요구 등으로 인한 피해를 입지 않도록 주의해 주세요.' 문구 - 주의사항 보기 링크 * [차단] 버튼은 1:1채팅방에서 노출 | AB79: 1 | AC79: app | AD79: v25.11.0 | AF79: (bono,25/11) 추가,차단,신고 하단 문구는 채팅영역에 노출되어, 챗로그 쌓여있을시 상단으로 스크롤해야 노출됨
C80: 주의사항 보기 | F80: 주의사항 보기 링크 탭 | G80: 카카오톡 안녕가이드 피싱 주의 페이지로 이동됨 | AB80: 1 | AC80: app | AD80: v9.9.5
C81: 친구추가 | F81: [추가] 버튼 탭 | G81: 스팸뷰 사라지며 A가 친구로 추가됨 | AB81: 1 | AC81: app | AD81: v9.9.5
C82: 차단 | H82: - | I82: - | AB82: - | AC82: app | AD82: v9.9.5
D83: 차단 진행 | F83: 1. [차단] 버튼 탭 2. 레이어 [메시지 차단] 버튼 탭하여 차단 진행 3. 레이어 [메시지 차단, 프로필 비공개] 버튼 탭하여 차단 진행 | G83: 1. 차단 레이어 노출됨 - 메시지 차단 / 메시지 차단, 프로필 비공개 2. 차단 친구 목록에 A가 추가됨 - [차단]버튼 [차단해제]로 변경됨 - 채팅 입력필드 비활성화됨 (iOS) : '! 차단친구와는 대화할 수 없습니다.' 문구 (android) : 차단친구와는 대화할 수 없습니다.' 문구 3. 2와 똑같은 결과 + A 계정으로 확인 시 기본 프로필로 노출 | AB83: 1 | AC83: app | AD83: v25.11.0 | AG83: (lora, 26/5) (android) : '! 차단친구와는 대화할 수 없습니다.' 문구
D84: 메시지 전송 | F84: A로부터 메시지 수신 | G84: 메시지 수신되지 않음 | AB84: 1 | AC84: app | AD84: v9.9.5
D85: 프로필 | F85: A 프로필 탭 | G85: A의 프로필과 배경화면 노출되며 [차단해제] 버튼 노출됨 | AB85: 1 | AC85: app | AD85: v9.9.5
D86: 차단 해제 | F86: [차단해제] 버튼 탭 | G86: 차단 친구 목록에서 A가 삭제됨 - [차단해제] 버튼 [차단]으로 변경됨 - 채팅 입력필드 다시 활성화됨 | AB86: 1 | AC86: app | AD86: v9.9.5 | AF86: (rex, 2024/2) 상대 차단중 상대에게 수신받은 메시지 있는 경우 차단해제시 유실선 생성됨(기등록 이슈 동일재현) ATEAM-13946 >> 안드, 아이 모두 노운이슈
D87: 메시지 전송 | F87: 메시지 전송 | G87: 메시지 송/수신이 가능함 | AB87: 1 | AC87: app | AD87: v9.9.5
C88: 신고 | H88: - | I88: - | AB88: - | AC88: app | AD88: v9.9.5
D89: 신고 진행 | F89: [신고] 버튼 탭 | G89: 메시지 신고 화면 노출됨 | AB89: 3 | AC89: app | AD89: v9.9.5
D90: 신고 완료 | F90: 1. 신고할 상대방 말풍선 선택 후 [신고하기] 버튼 탭 2. 카카오톡에서 허용되지 않는 행위에 대한 가이드라인 링크 탭 3. 신고하고 나가기 체크 후 [완료] 버튼 탭 4. 얼럿 [확인] 버튼 탭 | G90: 1. 신고하기 페이지 노출됨 2. 카카오톡 안녕가이드 운영정책 페이지로 이동됨 3. 신고 완료 얼럿 노출됨 4. 채팅방 나가지며 차단 친구 목록에 A가 추가됨 | AB90: 1 | AC90: app | AD90: v25.11.0 | AF90: 신고 사유 선택 후 접수하기 완료 화면에서 [채팅방 유지하기] [채팅방 나가기] 로 동작 확인 [채팅방 유지하기] : 친구 차단 후 채팅방 유지됨 [채팅방 나가기] : 친구 차단 후 채팅방 나가기됨
B91: 해외 사용자 | E91: 친구 추가 되지 않은 상태 | F91: 1. 해외 번호 유저 - 나에게 메시지 전송 2. 채팅방 노출 확인 | G91: 채팅방 내 상단 배너 안내문구 + 글로브 시그널 노출됨 - 안내 문구 : '친구로 등록되지 않은 (국가명) 사용자입니다. 금전 요구 등으로 인한 피해를 입지 않도록 주의해 주세요. 주의사항 보기' - 프로필 이미지 : 글로브 시그널 이미지 | AB91: 1 | AC91: app | AD91: v25.11.0 | AF91: 채팅방 진입 시, 아래 팝업 노출됨 - Title 가입국가: 국가명 (+nn) - 내용 : 친구로 등록되지 않은 해외번호 사용자가 보낸 메시지입니다. 금전 요구 등으로 인한 피해를 입지 않도록 주의해 주세요. - 버튼 : [확인]
C92: 스팸뷰 뜨는 1:1 채팅방 | D92: 일반 채팅 비밀 채팅 | E92: 친구 아닌 사용자로부터 메시지를 받은 해외 사용자 | F92: 1. 채팅방 상단 스팸뷰 문구 확인 2. 스팸뷰 주의사항 보기 링크 선택 3. 채팅방 상단 [신고] 선택 & [신고하기] 버튼 - 스팸 - 음란 · 성적행위 - 사기 · 사칭 | G92: 1. 스팸뷰 문구 노출됨 - 친구로 등록되지 않은 사용자입니다. 금전 요구 등으로 인한 피해를 입지 않도록 주의해 주세요. 주의사항 보기 2. kakaotalk 안전 도구 및 가이드 라인 페이지로 랜딩됨 https://kakao.com/talksafety/toolandguide/phishing/yourfriend 3. 신고 접수가 정상적으로 이루어짐 | AB92: 2 | AC92: app | AD92: v10.7.0 | AE92: ***우선순위 2-3 진행여부 문의중입니다... ㄴ 5차 TC 진행 내용 반영하여 우선순위 1만 진행 (wizy)
C93: 스팸뷰 뜨는 그룹 채팅방 | D93: 일반채팅 비밀채팅 팀채팅 | E93: 친구 아닌 사용자로부터 메시지를 받은 해외 사용자 | F93: 1. 채팅방 상단 스팸뷰 문구 확인 2. 스팸뷰 [주의사항 보기] 링크 선택 3. 스팸뷰 [신고하기] 버튼 선택 - 스팸 - 음란 · 성적행위 - 사기 · 사칭 | G93: 1. 스팸뷰 문구 노출됨 - 친구로 등록되지 않은 사용자로부터 초대되었습니다. 금전 요구 등으로 인한 피해를 입지 않도록 주의해 주세요. [주의사항 보기] [신고하기] 2. kakaotalk 안전 도구 및 가이드 라인 페이지로 랜딩됨 https://kakao.com/talksafety/toolandguide/phishing/yourfriend 3. 신고 접수가 정상적으로 이루어짐 | AB93: 3 | AC93: app | AD93: v10.7.0
A94: 채팅방 검색 | H94: - | I94: - | AB94: - | AC94: app | AD94: v25.2.0 | AF94: *3차 리글 시, 우선순위 조정 예정
A95: 전체 UI | H95: - | I95: - | AB95: - | AC95: app | AD95: v25.2.0
B96: 검색 화면 전환 | E96: 1. 검색어 입력 없음 2. 책갈피 설정 있음 | F96: 1. [검색] 버튼 탭 | G96: 검색 화면으로 전환 - 검색 입력란 : "대화내용 검색" - 메시지 검색 입력란에 커서 포커싱 되면서 키보드 올라옴 ---- 검색 입력창 [<-and] {대화내용 검색} {대화내용 검색}[취소-ios] 검색 옵션 [인물필터][타임머신][책갈피] [⋀][⋁](비활성화) | AB96: 1 | AC96: app | AD96: v25.11.0 | AF96: (pond, 25/2) 전체 검색 결과 수가 변경되어도 이슈 X -> 채팅방 내 챗로그가 많으면 스크롤 해야 불러오게 됨 - 해당 이슈 코멘트 참고 : https://jira.daumkakao.com/browse/ATEAM-23723 (bono,25/4) 안드,iOS 프리챗방 > 검색버튼 활성화 상태로 노출되는것 현상태 유지
E97: 1. 검색어 입력 없음 2. 책갈피 설정 없음 | F97: 1. [검색] 버튼 탭 | G97: 검색 화면으로 전환 - 검색 입력란 : "대화내용 검색" - 메시지 검색 입력란에 커서 포커싱 되면서 키보드 올라옴 ---- 검색 입력창 [<-and] {메시지 검색} {메시지 검색}[취소-ios] 검색 옵션 [인물필터][타임머신] [⋀][⋁](비활성화) | AB97: 3 | AC97: app | AD97: v25.2.0
A98: 검색 결과 | H98: - | I98: - | AB98: - | AC98: app | AD98: v25.2.0
B99: 검색어 입력 | C99: 검색 결과로 이동 | D99: 검색 키워드 없음 | E99: 검색 키워드를 입력하지 않은 경우 | F99: 1. 검색 화면 > 검색 키워드를 입력하지 않은 상태로 검색 시도 | G99: Android - 검색 옵션에 '검색 결과 없음' 문구 노출 - 화살표 기능 비활성화 상태 iOS - 검색'(혹은 엔터)’ 버튼 비활성화 | AB99: 1 | AC99: app | AD99: v25.2.0
D100: 검색 키워드 있음 | E100: 검색 결과가 여러개 있는 경우 | F100: 1. 검색어 입력란 > 검색어 입력 > [검색] 탭 2. 다음/이전 결과로 이동 | G100: 1. 검색 입력란에 입력한 '검색어'가 표시된다. - 채팅방에 검색어 하이라이트 처리 - 검색 입력창 : {검색어} X 버튼 - 검색 옵션 - 1/N (전체 검색 결과 수) - 화살표 기능 활성화 상태로 변경 2. 다음 검색어로 말풍선이 이동된다. - 검색 키워드가 중앙정렬되어 노출됨 | AB100: 1 | AC100: app | AD100: v25.2.0 | AE100: (yon, 25/11) and 대화 검색 > 검색 후 말풍선 내 내용이 개행되는 현상 https://jira.daumkakao.com/browse/QATEAM-9007 | AF100: (billy, 25/4) 안드 검색결과에서 키보드가 내려간 경우 커서 깜박임 제거 > 해당 이슈 코멘트 참고 : https://jira.daumkakao.com/browse/ATEAM-9750
...

Sheet 6.비밀채팅
A1: ='입력값'!V3 -> 테스트 케이스 작성자를 입력해주세요. 리뷰어가 있으면 함께 입력해주세요. (참조 수식을 삭제하고 입력하세요) - 예시) 작성 : kakao.talk (리뷰 : qa.talk) | AG1: =COUNTIF(AG5:AG332, "?*") -> 0
A2: 분류1 | B2: 분류2 | C2: 분류3 | D2: 분류4 (기능) | E2: 사전 조건 | F2: Test Step (체크할 항목) | G2: 기대결과 | H2: 6 | I2: 6 | AB2: 분류 | AE2: Comment & Jira | AF2: Spec & Tip | AG2: TC Review | AH2: Memo
H3: =IF(COUNTIF('리그레션 플랜'!C12:D12, "a15"), "a15", IF(COUNTIF('리그레션 플랜'!C12:D12, "a16"), "a16", "")) -> a16 | I3: =IF(COUNTIF('리그레션 플랜'!C12:D12, "i18"), "i18", IF(COUNTIF('리그레션 플랜'!C12:D12, "i26"), "i26", "")) -> i18 | AB3: =COUNTIF($AB5:$AB311, "<=" & MAX('입력값'!$L$3:$L332)) -> 76 | AD3: v26.5.0 | AE3: 작성 : TE | 관리 : TE/QA | AF3: 작성 : TE & QA | 관리 : QA | AG3: 작성 : TE | 관리 : QA | AH3: 작성 : anyone | 관리 : 작성자
AB4: P | AC4: C | AD4: V | AE4: 수행중 발견한 버그의 링크. 닫힘 확인한 사람이 삭제. | AF4: 스펙 및 테스트팁 | AG4: TE가 TC 수정 요청 및 문의, QA가 반영 완료 후 삭제 | AH4: 테스트 진행 중 필요한 메모 입력
A5: 1:1 비밀 채팅 | AB5: - | AC5: app | AD5: v10.1.0
A6: 비밀채팅 | H6: - | I6: - | AB6: - | AC6: app | AD6: v10.1.0
B7: 비밀채팅 시작 | H7: - | I7: - | AB7: - | AC7: app | AD7: v10.1.0
C8: 채팅방 목록 없음 | E8: 채팅방이 없는 경우 | F8: 1. 채팅탭 > 비밀 채팅방 생성 시도 - [만들기] 버튼 - 우측 상단 상단 새로운 채팅 버튼 탭 2. 비밀채팅 메뉴 선택 > 대화 상대 선택 화면 확인 3. 최초 대화 전송 | G8: 1. 상단 새로운 채팅 영역이 노출됨 - 일반채팅 | 팀채팅 | 비밀채팅 생성할 수 있는 버튼 표시됨 2. 대화상대 선택 (초대) 화면으로 이동 3. 비밀 채팅방 생성 - 비밀 채방 아이콘, 안내 피드 노출 "비밀채팅 비밀채팅을 시작합니다. 모바일에서만 사용할 수 있습니다." - 메시지 입력창 "비밀 메시지 입력" 가이드 문구 : 메시지 입력 되면 문구 사라짐 - 채팅 탭 리스트에서 확인 가능 | AB8: 1 | AC8: app | AD8: v10.1.0 | AF8: (bono,25/1) ITEAM-23293 비챗방 생성 시 안내 피드에서 비밀채팅 타이틀 문구 미노출 >> 현상태 유지 ITEAM-24768 [톡QA] 비밀채팅방 생성 후 입력창에 포커싱되는 경우 가이드 문구 미노출되는 현상 >> iOS 의 경우 안드로이드와 다르게 숨겨지는것 스펙
C9: 채팅방 목록 있음 | E9: 채팅방이 있는 경우 | F9: 1. 채팅탭 > 비밀 채팅방 생성 시도 - 우측 상단 상단 새로운 채팅 버튼 탭 2. 비밀채팅 메뉴 선택 > 대화 상대 선택 화면 확인 3. 대화 상대 1명만 선택 후 [확인] 버튼 탭 | G9: 1. 상단 새로운 채팅 영역이 노출됨 - 일반채팅 | 팀채팅 | 비밀채팅 생성할 수 있는 버튼 표시됨 2. 대화상대 선택 (초대) 화면으로 이동 3. 비밀 채팅방 생성 - 비밀 채방 아이콘, 안내 피드 노출 "비밀채팅 비밀채팅을 시작합니다. 모바일에서만 사용할 수 있습니다." - 메시지 입력창 "비밀 메시지 입력" 가이드 문구 : 메시지 입력 되면 문구 사라짐 - 채팅 탭 리스트에서 확인 가능 | AB9: 1 | AC9: app | AD9: v10.3.5 | AF9: (bono,25/1) ITEAM-23293 비챗방 생성 시 안내 피드에서 비밀채팅 타이틀 문구 미노출 >> 현상태 유지 ITEAM-24768 [톡QA] 비밀채팅방 생성 후 입력창에 포커싱되는 경우 가이드 문구 미노출되는 현상 >> iOS 의 경우 안드로이드와 다르게 숨겨지는것 스펙 가이드 문구 "비밀채팅 비밀채팅을 시작합니다. 모바일에서만 사용할 수 있습니다." | AH9: (aiden, 24/9) / 8차 마켓버전 동일 _x0008_비밀 채팅방 진입 > BG -> FG 전환 > 스플래시 화면 확인 ㄴ Android: 스플래시 화면 없이 비밀채팅방 진입 ㄴ iOS: 스플래시 화면 노출 후 비밀채팅방 진입
D10: 비밀채팅방 개설 | E10: 동일한 상대와의 비밀채팅방이 이미 개설된 상태 | F10: 1. 이미 생성 된 비밀채팅방의 구성원과 동일한 구성원 선택 후 [확인] 버튼 탭 2. [채팅방으로 이동하기] 버튼 탭 | G10: 1. 중복채팅방 생성 바텀시트 표시 2. 비밀 채팅방으로 이동 - 동일한 상대와의 채팅방이 이미 개설된 해당 채팅방으로 이동 | AB10: 1 | AC10: app | AD10: v25.11.0 | AF10: (selina,25/11) 중복 채팅방 생성 바텀시트 그룹채팅으로 확인
B11: 채팅방내에서 비밀채팅 생성 | H11: - | I11: - | AB11: - | AC11: app | AD11: v11.1.0
C12: 기 생성된 비밀 채팅방 없음 | E12: - 기 생성된 일반 채팅방 있음 AND - 기 생성된 비밀 채팅방 없음 | F12: 일반 1:1 채팅방 > 더보기 > 비밀채팅방 만들기 터치 | G12: 선택한 대화상대가 포함되어 있는 생성된 비밀 채팅방으로 이동 | AB12: 1 | AC12: app | AD12: v11.1.0
C13: 기 생성된 비밀 채팅방 있음 | E13: - 기 생성된 일반 채팅방 있음 AND - 기 생성된 비밀 채팅방 있음 | F13: 일반 1:1 채팅방 > 더보기 > 비밀채팅방 만들기 터치 | G13: 선택한 대화상대가 포함되어 있는 기 생성된 비밀 채팅방으로 이동 | AB13: 1 | AC13: app | AD13: v10.1.0
B14: 입력창 화면 구성 | H14: - | I14: - | AB14: - | AC14: app | AD14: v11.1.0
C15: 메시지 작성 | H15: - | I15: - | AB15: - | AC15: app | AD15: v11.1.0
D16: 입력창 커서 전 - 입력창 커서 없음 | F16: *비밀채팅방 미제공 스펙 - 입력창 : 샵검색, 간편녹음, AI, 답장하기 미제공 | H16: - | I16: - | AB16: - | AC16: app | AD16: v11.1.0
B17: 입력창 화면 구성 | AB17: - | AC17: app | AD17: v26.5.0
C18: 메시지 작성 - 디폴트 값 | F18: *비밀채팅방 미제공 스펙 - 입력창 : 샵검색, 간편녹음, 답장하기 미제공 | G18: *비밀채팅방 플러스 지원 메뉴 - 앨범 / 카메라 노출 | AB18: - | AC18: app | AD18: v26.5.0
D19: 메시지 전송 | F19: 1. 비밀 채팅방 진입 2. 입력창 텍스트 입력 후 - 입력창 영역 확인 3. 입력 최대 후 - 입력창 영역 확인 *단말 및 폰트 기준으로는 대략 5~6줄 정도 노출됨 | G19: 1. 입력창 UI 확인 - [(+) 비밀 메시지 입력 🙂 ] 2. 입력창 UI 확인 - [(+) 임의 입력단어 🙂 ⬆️] 3. 입력창 원형 UI 테두리 깨짐없이 노출 - [ 임의 입력단어 임의 입력단어 임의 입력단어 임의 입력단어 (+) 임의 입력단어 🙂 ⬆️ ] | AB19: 1 | AC19: app | AD19: v26.5.0
B20: 입력창 입력 제한 | AB20: - | AC20: app | AD20: v26.5.0
C21: 메시지 수/발신 불 가능 | AB21: - | AC21: app | AD21: v26.5.0
D22: 암호화 만료 | F22: *비밀 채팅방 암호화 변경 - 카카오톡 삭제 및 휴대기기 변경하는 경우 ㄴ 기존 공개 키 정보가 함께 삭제됨 | G22: * 기존 공개 키 정보 삭제 - 삭제 후 카카오톡을 재설치하여 기존 계정을 연결하더라도 공개 키 정보가 바뀌게 되므로 기존 비밀 채팅방에서는 더 이상 대화를 할 수 없음 | AB22: - | AC22: app | AD22: v26.5.0
E23: -703 | F23: 1. 비밀 채팅방 개설 후 상대방이 톡 재설치 및 기기변경으로 대화방에서 나간 후 write 하는 경우 2. 상대방이 나간 비밀 채팅방 재 진입 | G23: 2. 입력필드 UI없이 안내 문구 제공 - ! 대화할 수 없는 사용자입니다. | AB23: 3 | AC23: app | AD23: v26.5.0 | AF23: * 비밀채팅방 서브디바이스 미지원에 따른 태블릿 관련 스펙 Android) - '다른 기기와 함께 사용 O' : 비밀채팅 X - '다른 기기와 함께 사용 X' : 비밀채팅 O iOS) - '다른 기기와 함께 사용' 기능 없음 -------------------------------------------------- 1. 상대가 탈퇴한 1:1 채팅 - 대화할 수 없는 사용자입니다. 2. 호스트가 탈퇴한 오픈채팅 - 대화할 수 없는 상태입니다. 3. 종료된 비밀채팅 - 대화할 수 없는 사용자입니다. 4. 종료된 오픈채팅 - 대화할 수 없는 상태입니다. 5. 차단 친구와 1:1 채팅 - 차단한 친구와는 대화할 수 없습니다. ㄴ 문구 위와 같이 최종 확인됨 (참고 이슈 : QATEAM-13051)
D24: 입력창 커서 진입 후 - 입력창 커서 활성화 | H24: - | I24: - | AB24: - | AC24: app | AD24: v11.1.0
C25: 메시지 전송 | H25: - | I25: - | AB25: - | AC25: app | AD25: v11.1.0
D26: 입력창 텍스트 입력 - [전송] 버튼 노출 | H26: - | I26: - | AB26: - | AC26: app | AD26: v11.1.0
C27: 메시지 수/발신 불 가능 | H27: - | I27: - | AB27: - | AC27: app | AD27: v11.1.0
D28: 차단 | F28: 대화창 내 [차단] 버튼 탭 | G28: [차단해제]로 바뀌고 친구 안내 피드와 비밀 채팅 안내 피드 노출 입력창 비활성화 됨(대화 불가 안내 문구) - "차단친구와는 대화할 수 없습니다." | AB28: 1 | AC28: app | AD28: v10.7.0 | AF28: (rachel, 25/3) 상대방이 친구 아닌 상태에서 진행
D29: 암호화 만료 | F29: 1. 비밀 채팅방 개설 후 상대방이 톡 재설치 및 기기변경으로 대화방에서 나간 후 write 하는 경우 2. 상대방이 나간 비밀 채팅방 재 진입 | G29: 2. 입력필드 UI없이 안내 문구 제공 - ! 대화할 수 없는 사용자입니다. | AB29: 3 | AC29: app | AD29: v11.1.0
C30: 롱탭 메뉴 | H30: - | I30: - | AB30: - | AC30: app | AD30: v10.1.0
F31: 말풍선 롱탭 메뉴 확인 | G31: 송수신 내용별 메뉴 - 발신 메시지 : 삭제 - 수신 메시지 : 삭제, 신고(친구아닌 사용자만 신고메뉴 노출) - 수신/발신 이모티콘 : 삭제, 이모티콘 보러가기, 신고(친구아닌 사용자만 신고메뉴 노출) - [신고] 메뉴 : 선택 시 신고 사유 선택 화면으로 이동됨 신고 사유를 선택해 주세요. - 스팸 · 유사투자자문 등 > - 음란 · 성적행위 > - 아동 · 청소년 대상 성범죄 > - 불법 상품 · 서비스 > - 사기 · 사칭 > 카카오톡에서 허용되지 않는 행위에 대한 가이드라인 | AB31: 1 | AC31: app | AD31: v26.3.0 | AF31: [aren] 플러스 가입된 상태에서는 '이모티콘 따라하기' 추가 노출 됨 수신/발신 이모티콘 : 삭제, 이모티콘 보러가기, 이모티콘 따라하기 (lily, 24/6) - 수신/발신 이모티콘 : 이모티콘 보러가기, 삭제, 신고(친구 아닌 사용자)
F32: 발신 메시지 롱탭 메뉴 동작 확인 | G32: 작업선택 팝업표시 - 삭제 | AB32: 1 | AC32: app | AD32: v10.1.0
F33: 발신 이모티콘 롱탭 메뉴 동작 확인 | G33: 작업선택 팝업표시 - 이모티콘 보러가기 - 삭제 | AB33: 1 | AC33: app | AD33: v10.1.5 | AF33: [aren] 플러스 가입된 상태에서는 '이모티콘 따라하기' 추가 노출 됨 수신/발신 이모티콘 : 삭제, 이모티콘 보러가기, 이모티콘 따라하기 (rachel 26/1) 이모티콘 플러스 미가입자도 '이모티콘 따라하기' 노출됨 (25/11차 동일)
C34: 말풍선공감(=리액션) (담당자 : @ssoya) | H34: - | I34: - | AB34: - | AC34: app | AD34: v25.3.0
E35: 테스트대상 - 1:1, 그룹 채팅방 | F35: 채팅방 내 말풍선 롱탭 > 공감 기능 제공 확인 | G35: 말풍선 공감 기능 사용 불가 - 말풍선 롱탭 시 컨텍스트 메뉴 내 해당 메뉴 미노출 | AB35: 1 | AC35: app | AD35: v9.8.0
B36: 비밀 채팅 내 기능 | H36: - | I36: - | AB36: - | AC36: app | AD36: v10.1.0
C37: [+] 메뉴 | F37: 비밀 채팅방 > [+] 메뉴 확인 | G37: 최근 사진 [전송] [카메라] [사진] | AB37: 1 | AC37: app | AD37: v26.4.0
C38: 사이드 메뉴 | H38: - | I38: - | AB38: - | AC38: app | AD38: v10.1.0
F39: 사이드 메뉴 확인 | G39: 1) 헤더 영역 - 좌측 Back 버튼 - 우측 알림, 설정 버튼 - 스크롤 이동 시 헤더 영역 고정으로 노출 2) 프로필 정보 - 상대방 프로필 사진, 프로필명 3) 대화상대 목록 - 타이틀 : '대화상대' - [+ 초대하기] 버튼 - 대화상대 목록 노출 4) 하단 버튼 - [채팅방 나가기] 버튼 * 일부 기능 제외 (즐겨찾기, 앨범, 링크, 투표, 일정) | AB39: 1 | AC39: app | AD39: v25.2.0
F40: [알림 ON/OFF] 동작 확인 | G40: 알림 ON/OFF 설정에 따라 동작됨 | AB40: 1 | AC40: app | AD40: v10.1.0
F41: [채팅방 나가기] 동작 확인 | G41: - 나가기 확인 alert 노출 : 멤버 프로필 사진, 이름 노출 "비밀 채팅방을 나가시겠어요?" [취소] [나가기] | AB41: 1 | AC41: app | AD41: v26.4.0
C42: 채팅방 설정 | F42: 설정 > 채팅방 설정 | G42: - Back 버튼 - 상대방 프로필 사진, 프로필명, [편집] 버튼 ㄴ [편집] 탭 > 채팅방 정보 페이지 이동 ㄴ 채팅방 정보 페이지 : 상대방 프로필 사진(변경 불가), 채팅방 이름 편집 가능 - 채팅방 설정 : [현재 채팅방 배경화면] : [현재 채팅방 알림음] : [현재 채팅방 입력창 잠금] : [공개 키] - 채팅방 관리 : [채팅방 데이터 관리] : [메시지 자동 삭제] - [채팅방 나가기] | AB42: 1 | AC42: app | AD42: v25.2.0
C43: 상대방 프로필 접근 | H43: - | I43: - | AB43: - | AC43: app | AD43: v10.1.0
F44: 상대방 프로필 뷰 진입 | G44: - 프로필 화면 로딩 : 친구 아닌 경우 [친구 추가] : 친구인 경우 [1:1채팅] [통화] : 차단인 경우 [차단해제] | AB44: 1 | AC44: app | AD44: v26.4.0
F45: [1:1 채팅] 버튼 동작 확인 | G45: 1:1 채팅방 랜딩 | AB45: 1 | AC45: app | AD45: v10.3.5
C46: 친구 추가 | E46: 친구가 아닌 사용자로부터 메시지 받은 경우 | F46: 친구가 아닌 사용자와 비밀 채팅 시도 (친구 차단 후 차단해제시 친구 추가 안함) | G46: 친구 안내 피드와 비밀 채팅 안내 피드 함께 노출 (친구 안내 피드가 먼저) - 추가/차단/신고 버튼 및 친구 안내 피드 노출 - 친구 안내 피드 : "친구로 등록되지 않은 사용자입니다. 금전 요구 등으로 인한 피해를 입지 않도록 주의해 주세요." 주의사항 보기 | AB46: 1 | AC46: app | AD46: v10.1.0 | AF46: (Ethan,25/2) 1:1 일반 채팅방 랜딩 시 확인
B47: 기본 기능 | H47: - | I47: - | AB47: - | AC47: app | AD47: v10.1.0
C48: 500자 이하 | F48: 1~500자 메시지 전송 | G48: 500자까지 대화 내용 표시 | AB48: 1 | AC48: app | AD48: v10.1.0
C49: 500자 초과 | F49: 500자 초과 메시지 전송 | G49: 대화내용과 전체보기 표시 | AB49: 1 | AC49: app | AD49: v10.1.0 | AF49: (bono,25/1) https://jira.daumkakao.com/browse/ITEAM-23882 비밀채팅방 > 장문 메시지 상세_문단 롱탭 및 더블탭 동작안함 >> 안드 동작 가능, iOS 동작 불가 스펙
A50: 채팅 탭 | AB50: - | AC50: app | AD50: v10.1.0
B51: 리스트 | F51: 채팅 리스트의 채팅 방 요약정보를 확인 | G51: 아래와 같은 정보가 표시 1) 비밀채팅방 프로필 이미지 / 비밀채팅방 아이콘 / 채팅방이름 2) 마지막 메시지나 읽지않은 메시지 모두 "비밀 메시지" 로 표시 3) 메시지 생성 시간 4) 안읽은 메시지 수 | AB51: 1 | AC51: app | AD51: v10.1.0
B52: 롱탭 / 스와이프 메뉴 | H52: - | I52: - | AB52: - | AC52: app | AD52: v10.1.0
C53: android_롱탭 메뉴 | F53: 롱탭 메뉴 확인 | G53: - 채팅방 이름(Ex:test) - [채팅방 정보 설정] - [채팅방 상단 고정] : 고정 상태인 경우 [채팅방 상단 고정 해제] - [채팅방 알림 끄기] : 알림 off 상태인 경우 [채팅방 알림 켜기] - [읽음] : 안읽은 메시지가 있는 경우만 노출 - [나가기] | I53: n | AB53: 1 | AC53: A | AD53: v26.4.0
C54: iOS_스와이프 메뉴 | F54: 우 스와이프 / 좌 스와이프 | G54: - 알람 설정 아이콘 : 알람 설정 여부에 따라 아이콘 변경 - 핀 설정 아이콘 : 핀 설정 여부에 따라 아이콘 변경 - 읽음 - 나가기 | H54: n | AB54: 1 | AC54: I | AD54: v10.1.0 | AH54: (kevin, 26/4) 우측 : 알람, 핀 / 좌측 : 읽음, 나가기
C55: 채팅방 정보 설정 | F55: [채팅방 정보 설정] 동작 확인 | G55: 설정한 이름으로 변경되어 표시 | I55: n | AB55: 1 | AC55: A | AD55: v26.4.0
C56: 채팅방 상단 고정 | F56: [채팅방 상단 고정] 동작 확인 | G56: 채팅방이 상단으로 핀 고정되어 표시 | AB56: 1 | AC56: app | AD56: v10.1.0
C57: 채팅방 알림 끄기 | F57: [채팅방 알림 끄기] 동작 확인 | G57: 알림이 울리지 않음 | AB57: 1 | AC57: app | AD57: v10.1.0
C58: 읽음 | E58: 안읽은 메시지가 존재할 경우 | F58: [읽음] 동작 확인 | G58: 다읽은것으로 표시(안읽음 숫자가 사라짐) | AB58: 1 | AC58: app | AD58: v10.1.0
C59: 나가기 | F59: [나가기] 동작 확인 | G59: 채팅방에서 나가기되며 채팅목록에 삭제 됨 | AB59: 1 | AC59: app | AD59: v10.1.0
A60: 푸시 알림 | H60: - | I60: - | AB60: - | AC60: app | AD60: v10.1.0
B61: 메시지 표시 | H61: - | I61: - | AB61: - | AC61: app | AD61: v10.1.0
C62: Android | H62: - | I62: - | AB62: - | AC62: app | AD62: v10.1.0
E63: 글로벌 설정 > 알림 > 알림 표시 > 알림 내용 : 이름+메시지 | F63: 비밀방 메시지 수신시 알림 확인 | G63: 알림 팝업 / 알림센터 - 발신자 이름 표시 - 메시지 내용 : 비밀 메시지 (이모티콘, 텍스트 구분없음) * 프로필 사진 : 글로벌 설정 > 알림 > 알림 표시 > 알림 팝업 위치 : 가운데 로 설정된 경우에만 프로필 사진 표시 됨 | I63: n | AB63: 1 | AC63: A | AD63: v10.1.0 | AF63: (wizy, 2023/9) OS 알림 팝업 스타일 '자세히 보기' 로 설정 시 프로필 사진 표시 됨
E64: 글로벌 설정 > 알림 > 알림 표시 > 알림 내용 : 이름 | F64: 비밀방 메시지 수신시 알림 확인 | G64: 알림 팝업 / 알림센터 - 발신자 이름 - 메시지 내용 : 새로운 메시지가 있습니다. * 프로필 사진 : 글로벌 설정 > 알림 > 알림 표시 > 알림 팝업 위치 : 가운데 로 설정된 경우에만 프로필 사진 표시 됨 | I64: n | AB64: 1 | AC64: A | AD64: v10.1.0
E65: 글로벌 설정 > 알림 > 알림 표시 > 알림 내용 : 표시 안함 | F65: 비밀방 메시지 수신시 알림 확인 | G65: 알림 팝업 / 알림센터 - 발신자 대신 "카카오톡", 카톡 기본 이미지로 프로필 표시 - 메시지 내용 : 새로운 메시지가 있습니다 | I65: n | AB65: 1 | AC65: A | AD65: v10.1.0
C66: iOS | H66: - | I66: - | AB66: - | AC66: app | AD66: v10.1.0
E67: 글로벌 설정 > 알림 : - 미리보기 on - 프로필 미리보기 on | F67: 비밀방 메시지 수신시 알림 확인 | G67: 알림 팝업 / 알림센터 - 발신자 이름 표시 - 메시지 내용 : 비밀 메시지 (이모티콘, 텍스트 구분없음) * (android) 프로필 사진 : 글로벌 설정 > 알림 > 알림 표시 > 알림 팝업 위치 : 가운데 로 설정된 경우에만 프로필 사진 표시 됨 | H67: n | AB67: 1 | AC67: I | AD67: v10.1.0 | AF67: 2023/3_엘리 설정> 알림 >미리보기 ON / OFF
E68: 글로벌 설정 > 알림 : - 프로필 미리보기 off - 미리보기 off | F68: 비밀방 메시지 수신시 알림 확인 | G68: 알림 팝업 / 알림센터 - 발신자 이름 표시 - 메시지 내용 : 새로운 메시지가 왔습니다. * 프로필 사진 - 카카오톡 내의 화면 : 프로필 사진 표시 - 알림센터 / 카카오톡 화면 외에서 푸시 메시지 : 프로필 사진 미표시 | H68: n | AB68: 1 | AC68: I | AD68: v10.3.5
A69: 그룹 비밀 채팅 | H69: - | I69: - | AB69: - | AC69: app | AD69: v10.1.0
A70: 그룹 채팅 시작 | H70: - | I70: - | AB70: - | AC70: app | AD70: v10.1.0
B71: 비밀 채팅 시작 | H71: - | I71: - | AB71: - | AC71: app | AD71: v10.1.0
F72: 채팅탭 진입 > 새로운 채팅 > 비밀 채팅 선택 > 대화상대 초대 화면으로 이동 후 2명이상 선택 완료 | G72: 비밀 채팅방 생성 - 비밀 채방 아이콘, 안내 피드 노출 : "비밀채팅을 시작합니다. 모바일에서만 사용할 수 있습니다." - 메시지 입력창 "비밀 메시지 입력" 가이드 문구 표시 : 포커싱 되어도 문구 유지됨 - 채팅 탭 리스트에서 확인 가능 | AB72: 1 | AC72: app | AD72: v10.3.5 | AF72: (wizy, 2023/9) 채팅방 신규생성 후 메시지 수발신 이력이 있어야 채팅 탭 리스트에서 확인 가능함 (lily, 24/6) iOS : 키보드 포커싱 시 가이드 문구 유지됨(Spec) ㄴITEAM-24768
F73: 최초 대화 전송 | G73: 비밀 채팅방 생성 - 채팅 탭 리스트에서 확인 가능 | AB73: 1 | AC73: app | AD73: v9.6.0
E74: 동일한 상대와의 일반채팅방, 비밀채팅방이 이미 개설된 상태 | F74: 비밀 채팅 생성 시 이미 존재하는 비밀 채팅방의 대화상대와 동일하게 선택하여 생성 | G74: 중복 채팅방 생성 안내 제공 - 선택한 친구들로 구성된 채팅방이 이미 있습니다. [새로운 채팅방 만들기] [채팅방으로 이동하기] - [새로운 채팅방 만들기] : 신규 비밀채팅방 생성 - [채팅방으로 이동하기] : 기 생성되어 있는 채팅방으로 이동 | AB74: 1 | AC74: app | AD74: v10.1.0 | AF74: (ray, 24/5) 채팅방으로 이동되는 기준 ‘선택한 친구들이 참여 중인 채팅방’ 최상단에 노출되는 채팅방으로 이동 *해당 목록 노출 우선순위 1. 채팅방에 참여중인 유저가 적은 순 2. 최근 대화가 있었던 방 (인원이 동일한 경우, 최근 대화로 판단).
E75: 비밀 채팅방 멤버와 동일한 멤버의 일반 채팅방이 있는 경우 | F75: 일반 그룹 채팅방 > 사이드메뉴 > 비밀채팅 생성 메뉴 확인 | G75: 그룹 비밀 채팅방을 만드는 메뉴 미제공 | AB75: 1 | AC75: app | AD75: v9.6.0
B76: 비밀 채팅 내 기능 | H76: - | I76: - | AB76: - | AC76: app | AD76: v10.1.0
C77: [+] 메뉴 | F77: 비밀 채팅방 > [+] 탭 메뉴 확인 | G77: 최근 사진 [전송] [카메라] [사진] | AB77: 1 | AC77: app | AD77: v26.4.0
C78: 사이드 메뉴 | H78: - | I78: - | AB78: - | AC78: app | AD78: v10.1.0
D79: 제공 메뉴 | F79: 사이드 메뉴 확인 | G79: 1) 헤더 영역 - 좌측 Back 버튼 - 우측 알림, 설정 버튼 - 스크롤 이동 시 헤더 영역 고정으로 노출 2) 채팅방 정보 - 채팅방 사진, 채팅방명 3) 대화상대 목록 - 타이틀 : '대화상대' + 참여자 수 - [+ 초대하기] 버튼 - 대화상대 목록 노출 4) 하단 버튼 - [채팅방 나가기] 버튼 * 일부 기능 제외 (즐겨찾기, 앨범, 링크, 투표, 일정 등) | AB79: 1 | AC79: app | AD79: v25.2.0
D80: 알림 on/off | F80: [알림 ON/OFF] 동작 확인 | G80: 정상 동작 | AB80: 1 | AC80: app | AD80: v9.6.0
D81: 나가기 | F81: [채팅방 나가기] 동작 확인 | G81: 채팅방에서 나가지며 채팅목록에서 사라짐 | AB81: 1 | AC81: app | AD81: v25.2.0
D82: 대화 상대 초대 | E82: 1. 그룹 비밀채팅방 진입 상태 | F82: 1. 참여자 인원중 다른인원이 새로운 대화상대 초대 2. 사용자 초대된 후 채팅방 진입 | G82: 일반 그룹 채팅 초대와 동일하게 대화 상대가 초대 - 비밀 그룹 채팅방 참여자들이 초대된 사용자 확인 팝업 표시 "새로운 대화 상대가 채팅방에 초대되었습니다. 상대방을 신뢰할 수 있는지 확인해 주세요" -> 초대된 후 첫 진입시 1회 노출 | AB82: 1 | AC82: app | AD82: v9.6.0
D83: 채팅방 설정 | F83: 설정 > 채팅방 설정 | G83: - Back 버튼 - 채팅방 사진, 채팅방 명, [편집] 버튼 ㄴ [편집] 탭 > 채팅방 정보 페이지 이동 ㄴ 채팅방 정보 페이지 : 채팅방 사진, 이름 편집 가능 - 채팅방 설정 : [현재 채팅방 배경화면] : [현재 채팅방 알림음] : [현재 채팅방 입력창 잠금] : [공개 키] - 채팅방 데이터 : [채팅방 데이터 관리] : [메시지 자동 삭제] - [채팅방 나가기] - [초대 거부 및 나가기] | AB83: 1 | AC83: app | AD83: v26.4.0
C84: 메시지 자동 삭제 | H84: - | I84: - | AB84: - | AC84: app | AD84: v10.5.0
D85: 화면 구성 | H85: - | I85: - | AB85: - | AC85: app | AD85: v10.5.0
F86: 1. 채널방 설정 > 채팅방 관리 > 메시지 자동삭제 메뉴 영역 확인 2. 메시지 자동 삭제 메뉴 선택 | G86: 1. 메시지 자동 삭제 : 사용 안함으로 표기됨 - Default : 사용 안함 2. 메시지 자동 삭제 메뉴 선택 시 '메시지 자동 삭제' 화면으로 이동됨 < 메시지 자동 삭제 - 1시간 후 ( ) - 1일 후 ( ) - 7일 후 ( ) - 30일 후 ( ) - 사용 안함 ( ) 타이머 설정 후 주고받은 메시지가 모든 대화 상대의 채팅방에서 자동으로 삭제됩니다. 다만, 채팅방 내 사용자의 카카오톡 버전에 따라 메시지가 삭제되지 않을 수 있습니다. | AB86: 1 | AC86: app | AD86: v10.5.0
C87: 임의 타이머 시간 | H87: - | I87: - | AB87: - | AC87: app | AD87: v10.5.0
D88: 안내 팝업 | E88: 최초 임의 메뉴 선택 | F88: 1. 메시지 자동 삭제 화면에서 임의 시간 선택 - 1시간 후 ( ) - 1일 후 ( ) - 7일 후 ( ) - 1달 후 ( ) - 사용 안함 ( ) 2. 안내 팝업 [확인] 버튼 선택 3. 임의 시간 재 선택 | G88: 1. 최초 1회로 타이머 선택 시 안내 팝업 노출됨 - 메시지 자동 삭제 타이머 설정 후 주고받은 메시지가 모든 대화 상대의 채팅방에서 자동으로 삭제됩니다. 다만, 채팅방 내 사용자의 카카오톡 버전에 따라 메시지가 삭제되지 않을 수 있습니다. 2. 팝업 종료됨 3. 안내 팝업 미노출됨 | AB88: 1 | AC88: app | AD88: v26.4.0
C89: 타이머 시간 설정 완료 | H89: - | I89: - | AB89: - | AC89: app | AD89: v10.5.0
D90: 자동 삭제 - 1시간 후 설정 | H90: - | I90: - | AB90: - | AC90: app | AD90: v10.5.0
E91: 1시간 경과 | F91: 1. 타이머 설정 후 비밀 채팅방 피드 확인 2. 1시간 경과 3. 실시간 메시지 삭제 여부 확인 | G91: 1. 타이머 설정 후 채팅방 피드에 설정된 시간 표시됨 - 1시간 후 메시지를 자동으로 삭제합니다. 2. 로딩과 함께 채팅방에서 메시지가 실시간 삭제 시 같은 시간대에 묶여있는 메시지는 한번에 삭제됨 3. 비밀 채팅방에 타이머 설정 피드만 노출됨 (날짜 필드 삭제됨) - 메시지가 1시간 후 자동으로 삭제되도록 설정했습니다. | AB91: 1 | AC91: app | AD91: v26.4.0
C92: 상대방 프로필 접근 | H92: - | I92: - | AB92: - | AC92: app | AD92: v10.1.0
F93: 상대방 프로필 뷰 진입 | G93: - 프로필 화면 로딩 : 친구 아닌 경우 [친구 추가] : 친구인 경우 [1:1채팅] [통화] : 차단인 경우 [차단해제] | AB93: 1 | AC93: app | AD93: v10.4.5 | AF93: (jenna, 25/8) 친구 아닌 경우 [친구 추가] 친구인 경우 [1:1채팅] [통화] 차단인 경우 [차단해제]
F94: [1:1 채팅] 버튼 동작 확인 | G94: 1:1 채팅방 랜딩 | AB94: 1 | AC94: app | AD94: v10.3.5
C95: 롱탭 메뉴 | H95: - | I95: - | AB95: - | AC95: app | AD95: v10.1.0
F96: 말풍선 롱탭 메뉴 확인 | G96: 송수신 내용별 메뉴 - 발신 메시지 : 삭제 - 수신 메시지 : 삭제 - 수신/발신 이모티콘 : 삭제, 이모티콘 보러가기or미니 이모티콘 보러가기 | AB96: 1 | AC96: app | AD96: v10.7.0 | AF96: [aren] 플러스 가입된 상태에서는 '이모티콘 따라하기' 추가 노출 됨 수신/발신 이모티콘 : 삭제, 이모티콘 보러가기, 이모티콘 따라하기
F97: 발신 메시지 롱탭 메뉴 동작 확인 | G97: 작업선택 팝업 표시 -삭제 | AB97: 1 | AC97: app | AD97: v9.6.0
F98: 발신 이모티콘 롱탭 메뉴 동작 확인 | G98: 작업선택 팝업표시 - 이모티콘 보러가기 ㄴ선택 시 해당 이모티콘 상세화면이 모달뷰로 열림 - 삭제 | AB98: 1 | AC98: app | AD98: v10.7.0
F99: 발신 미니 이모티콘 롱탭 메뉴 동작 확인 | G99: 작업선택 팝업표시 - 미니 이모티콘 보러가기 ㄴ선택 시 해당 미니 이모티콘 상세화면이 모달뷰로 열림 - 삭제 | AB99: 1 | AC99: app | AD99: v10.7.0 | AF99: (ssoya) 2024/3차 미니 이모티콘 신규 스펙 추가 (wizy, 24/9) 무료 미니 이모티콘 다운받기 https://e.kakao.com/mini_open?t_ch=web&t_obj=mini_share_link&t_src=emoticon Android 이모티콘 상세화면 풀뷰로 노출 iOS 이모티콘 상세화면 모달뷰로 노출
C100: 친구 추가 | H100: - | I100: - | AB100: - | AC100: app | AD100: v10.1.0
...

Sheet 7.팀채팅_채팅방
